-- Semester Project Phase 3 - Julie Sweany
-- Insert data into each table

USE `BrendasBakeries` ;

-- -----------------------------------------------------
-- Table `Customer`
-- -----------------------------------------------------

insert into Customer (FirstName, LastName, Email, Phone) values ('Lelah', 'Chaperlin', 'lchaperlin0@histats.com', '4663890164');
insert into Customer (FirstName, LastName, Email, Phone) values ('Trumann', 'Frushard', 'tfrushard1@discovery.com', '9048654692');
insert into Customer (FirstName, LastName, Email, Phone) values ('Daryle', 'Huerta', 'dhuerta2@xrea.com', '5356802593');
insert into Customer (FirstName, LastName, Email, Phone) values ('Jacinta', 'Aldam', 'jaldam3@ox.ac.uk', '6745849652');
insert into Customer (FirstName, LastName, Email, Phone) values ('Riccardo', 'Ghidelli', 'rghidelli4@adobe.com', '7621482717');
insert into Customer (FirstName, LastName, Email, Phone) values ('Standford', 'Grayshon', 'sgrayshon5@ask.com', '3405232857');
insert into Customer (FirstName, LastName, Email, Phone) values ('Rhetta', 'Davson', 'rdavson6@comcast.net', '4194173153');
insert into Customer (FirstName, LastName, Email, Phone) values ('Guenna', 'Dahlgren', 'gdahlgren7@myspace.com', '5574961571');
insert into Customer (FirstName, LastName, Email, Phone) values ('Dermot', 'McIllroy', 'dmcillroy8@state.tx.us', '4568338008');
insert into Customer (FirstName, LastName, Email, Phone) values ('Ed', 'Duester', 'eduester9@thetimes.co.uk', '4667982555');
insert into Customer (FirstName, LastName, Email, Phone) values ('Noble', 'MacCague', 'nmaccaguea@paginegialle.it', '8893356223');
insert into Customer (FirstName, LastName, Email, Phone) values ('Baxter', 'Choffin', 'bchoffinb@tripadvisor.com', '2906545925');
insert into Customer (FirstName, LastName, Email, Phone) values ('Lorene', 'Dillaway', 'ldillawayc@bloomberg.com', '2529900601');
insert into Customer (FirstName, LastName, Email, Phone) values ('Erik', 'Rudyard', 'erudyardd@dailymotion.com', '5743511490');
insert into Customer (FirstName, LastName, Email, Phone) values ('Marion', 'Hizir', 'mhizire@spotify.com', '2399710265');
insert into Customer (FirstName, LastName, Email, Phone) values ('Susana', 'Djakovic', 'sdjakovicf@simplemachines.org', '6369862165');
insert into Customer (FirstName, LastName, Email, Phone) values ('Cathryn', 'Sempill', 'csempillg@walmart.com', '2926070099');
insert into Customer (FirstName, LastName, Email, Phone) values ('Doloritas', 'Kryszkiecicz', 'dkryszkieciczh@google.com', '2804200802');
insert into Customer (FirstName, LastName, Email, Phone) values ('Lizzy', 'Aldhouse', 'laldhousei@surveymonkey.com', '9517616626');
insert into Customer (FirstName, LastName, Email, Phone) values ('Quillan', 'Cheverton', 'qchevertonj@nps.gov', '5316861789');
insert into Customer (FirstName, LastName, Email, Phone) values ('Babette', 'Forsdicke', 'bforsdickek@ucsd.edu', '5794694536');
insert into Customer (FirstName, LastName, Email, Phone) values ('Brandi', 'Shemwell', 'bshemwelll@privacy.gov.au', '1889307597');
insert into Customer (FirstName, LastName, Email, Phone) values ('Granny', 'Keeping', 'gkeepingm@multiply.com', '7323266630');
insert into Customer (FirstName, LastName, Email, Phone) values ('Nan', 'Dockwra', 'ndockwran@goo.gl', '9614621912');
insert into Customer (FirstName, LastName, Email, Phone) values ('Kaitlynn', 'Haly', 'khalyo@amazon.com', '9319963003');
insert into Customer (FirstName, LastName, Email, Phone) values ('Cele', 'Cafferky', 'ccafferkyp@edublogs.org', '1428616179');
insert into Customer (FirstName, LastName, Email, Phone) values ('Bridget', 'Mobius', 'bmobiusq@usatoday.com', '1204699373');
insert into Customer (FirstName, LastName, Email, Phone) values ('Davon', 'Boseley', 'dboseleyr@umich.edu', '7585359227');
insert into Customer (FirstName, LastName, Email, Phone) values ('Prudy', 'Grishagin', 'pgrishagins@dailymail.co.uk', '5033522991');
insert into Customer (FirstName, LastName, Email, Phone) values ('Florencia', 'Ennever', 'fennevert@1688.com', '5647957593');
insert into Customer (FirstName, LastName, Email, Phone) values ('Alf', 'Pendre', 'apendreu@wp.com', '2325652240');
insert into Customer (FirstName, LastName, Email, Phone) values ('Alan', 'Cardoso', 'acardosov@myspace.com', '5859052616');
insert into Customer (FirstName, LastName, Email, Phone) values ('Leshia', 'Lilian', 'llilianw@intel.com', '5583514998');
insert into Customer (FirstName, LastName, Email, Phone) values ('Karil', 'Satterlee', 'ksatterleex@loc.gov', '6854918448');
insert into Customer (FirstName, LastName, Email, Phone) values ('Marcela', 'Sighard', 'msighardy@usgs.gov', '5582601499');
insert into Customer (FirstName, LastName, Email, Phone) values ('Rhodie', 'Bamford', 'rbamfordz@discovery.com', '2849005020');
insert into Customer (FirstName, LastName, Email, Phone) values ('Shanie', 'Kemer', 'skemer10@about.com', '5058965571');
insert into Customer (FirstName, LastName, Email, Phone) values ('Lorenza', 'Swindon', 'lswindon11@psu.edu', '6072509806');
insert into Customer (FirstName, LastName, Email, Phone) values ('D''arcy', 'Lintot', 'dlintot12@reddit.com', '6159734078');
insert into Customer (FirstName, LastName, Email, Phone) values ('Doralynn', 'Hamments', 'dhamments13@hugedomains.com', '9913743083');
insert into Customer (FirstName, LastName, Email, Phone) values ('Lana', 'Gladden', 'lgladden14@usa.gov', '1132630955');
insert into Customer (FirstName, LastName, Email, Phone) values ('Flinn', 'Matthews', 'fmatthews15@epa.gov', '6347137259');
insert into Customer (FirstName, LastName, Email, Phone) values ('Angelia', 'Gillibrand', 'agillibrand16@sogou.com', '6958542328');
insert into Customer (FirstName, LastName, Email, Phone) values ('Valry', 'Colerick', 'vcolerick17@lycos.com', '7456982693');
insert into Customer (FirstName, LastName, Email, Phone) values ('Derril', 'Hatrey', 'dhatrey18@nba.com', '8735882051');
insert into Customer (FirstName, LastName, Email, Phone) values ('Teddy', 'Durden', 'tdurden19@wsj.com', '4513411147');
insert into Customer (FirstName, LastName, Email, Phone) values ('Claude', 'Elford', 'celford1a@dot.gov', '3944528404');
insert into Customer (FirstName, LastName, Email, Phone) values ('Mason', 'Minchinton', 'mminchinton1b@tinyurl.com', '7453619724');
insert into Customer (FirstName, LastName, Email, Phone) values ('Maighdiln', 'Sleeny', 'msleeny1c@dedecms.com', '5656609015');
insert into Customer (FirstName, LastName, Email, Phone) values ('Gordy', 'Blackie', 'gblackie1d@redcross.org', '2619185331');
insert into Customer (FirstName, LastName, Email, Phone) values ('Nancie', 'Middlemist', 'nmiddlemist1e@rambler.ru', '7742209241');
insert into Customer (FirstName, LastName, Email, Phone) values ('Marcello', 'Grouvel', 'mgrouvel1f@mozilla.com', '3929098019');
insert into Customer (FirstName, LastName, Email, Phone) values ('Tommy', 'Dilnot', 'tdilnot1g@springer.com', '8678663638');
insert into Customer (FirstName, LastName, Email, Phone) values ('Carolus', 'Antonognoli', 'cantonognoli1h@slate.com', '9684931774');
insert into Customer (FirstName, LastName, Email, Phone) values ('Flor', 'Bonanno', 'fbonanno1i@stanford.edu', '9613314183');
insert into Customer (FirstName, LastName, Email, Phone) values ('Binky', 'Kordas', 'bkordas1j@barnesandnoble.com', '2385966209');
insert into Customer (FirstName, LastName, Email, Phone) values ('Michaeline', 'Burtwhistle', 'mburtwhistle1k@cdc.gov', '2917896558');
insert into Customer (FirstName, LastName, Email, Phone) values ('Philip', 'Mitchelson', 'pmitchelson1l@forbes.com', '2147724483');
insert into Customer (FirstName, LastName, Email, Phone) values ('Milka', 'Arnholz', 'marnholz1m@so-net.ne.jp', '6018365356');
insert into Customer (FirstName, LastName, Email, Phone) values ('Rooney', 'Litzmann', 'rlitzmann1n@netscape.com', '2068583272');
insert into Customer (FirstName, LastName, Email, Phone) values ('Karia', 'Clelle', 'kclelle1o@dion.ne.jp', '4776707153');
insert into Customer (FirstName, LastName, Email, Phone) values ('Tiphani', 'Babbs', 'tbabbs1p@wix.com', '4987218414');
insert into Customer (FirstName, LastName, Email, Phone) values ('Clint', 'Kondratenko', 'ckondratenko1q@dropbox.com', '2486279006');
insert into Customer (FirstName, LastName, Email, Phone) values ('Daven', 'McMurtyr', 'dmcmurtyr1r@npr.org', '8799937063');
insert into Customer (FirstName, LastName, Email, Phone) values ('Margie', 'Lyon', 'mlyon1s@skyrock.com', '9506948691');
insert into Customer (FirstName, LastName, Email, Phone) values ('Hubey', 'Piniur', 'hpiniur1t@networkadvertising.org', '4099310340');
insert into Customer (FirstName, LastName, Email, Phone) values ('Moria', 'Ortell', 'mortell1u@chron.com', '4957094955');
insert into Customer (FirstName, LastName, Email, Phone) values ('Francklin', 'Huggill', 'fhuggill1v@bigcartel.com', '6247326705');
insert into Customer (FirstName, LastName, Email, Phone) values ('Karon', 'Dumberell', 'kdumberell1w@spotify.com', '2665110027');
insert into Customer (FirstName, LastName, Email, Phone) values ('Reinhold', 'Kasman', 'rkasman1x@home.pl', '8388287358');
insert into Customer (FirstName, LastName, Email, Phone) values ('Malory', 'Patullo', 'mpatullo1y@tuttocitta.it', '4492007100');
insert into Customer (FirstName, LastName, Email, Phone) values ('Kailey', 'Gonnel', 'kgonnel1z@usgs.gov', '9936628929');
insert into Customer (FirstName, LastName, Email, Phone) values ('Brion', 'Begley', 'bbegley20@tripod.com', '7383129482');
insert into Customer (FirstName, LastName, Email, Phone) values ('Olivero', 'Bayford', 'obayford21@illinois.edu', '1175423908');
insert into Customer (FirstName, LastName, Email, Phone) values ('Pall', 'Tomasini', 'ptomasini22@skype.com', '9384939972');
insert into Customer (FirstName, LastName, Email, Phone) values ('Nelia', 'McDugal', 'nmcdugal23@redcross.org', '3578606032');
insert into Customer (FirstName, LastName, Email, Phone) values ('Torrance', 'Goulston', 'tgoulston24@time.com', '7385733411');
insert into Customer (FirstName, LastName, Email, Phone) values ('Trix', 'Mortel', 'tmortel25@dyndns.org', '3727301906');
insert into Customer (FirstName, LastName, Email, Phone) values ('Donnell', 'McCulloch', 'dmcculloch26@nih.gov', '5269117530');
insert into Customer (FirstName, LastName, Email, Phone) values ('Westley', 'Janway', 'wjanway27@nature.com', '2515701681');
insert into Customer (FirstName, LastName, Email, Phone) values ('Ruggiero', 'Rase', 'rrase28@google.it', '4871032136');
insert into Customer (FirstName, LastName, Email, Phone) values ('Gris', 'Thick', 'gthick29@bbb.org', '1066742025');
insert into Customer (FirstName, LastName, Email, Phone) values ('Sigismondo', 'Strafen', 'sstrafen2a@vimeo.com', '8597899211');
insert into Customer (FirstName, LastName, Email, Phone) values ('Kain', 'Domenichini', 'kdomenichini2b@yelp.com', '6809552251');
insert into Customer (FirstName, LastName, Email, Phone) values ('Giovanni', 'McPhail', 'gmcphail2c@com.com', '8489979598');
insert into Customer (FirstName, LastName, Email, Phone) values ('Sydelle', 'Beernt', 'sbeernt2d@washington.edu', '1118738753');
insert into Customer (FirstName, LastName, Email, Phone) values ('Levi', 'Stemson', 'lstemson2e@scientificamerican.com', '5063582183');
insert into Customer (FirstName, LastName, Email, Phone) values ('Valli', 'Deners', 'vdeners2f@prlog.org', '5113627602');
insert into Customer (FirstName, LastName, Email, Phone) values ('Chelsae', 'Lorentzen', 'clorentzen2g@cbsnews.com', '4416153792');
insert into Customer (FirstName, LastName, Email, Phone) values ('Luke', 'Barribal', 'lbarribal2h@wisc.edu', '1966100478');
insert into Customer (FirstName, LastName, Email, Phone) values ('Wiley', 'Anglin', 'wanglin2i@springer.com', '3835689766');
insert into Customer (FirstName, LastName, Email, Phone) values ('Benedicta', 'Breawood', 'bbreawood2j@shutterfly.com', '5113420567');
insert into Customer (FirstName, LastName, Email, Phone) values ('Niko', 'Filer', 'nfiler2k@statcounter.com', '3285921391');
insert into Customer (FirstName, LastName, Email, Phone) values ('Deck', 'Evershed', 'devershed2l@biglobe.ne.jp', '1318255037');
insert into Customer (FirstName, LastName, Email, Phone) values ('Mia', 'Wardall', 'mwardall2m@hao123.com', '4729602380');
insert into Customer (FirstName, LastName, Email, Phone) values ('Binni', 'Gerner', 'bgerner2n@topsy.com', '9004460955');
insert into Customer (FirstName, LastName, Email, Phone) values ('Jacky', 'Phibb', 'jphibb2o@histats.com', '9831725131');
insert into Customer (FirstName, LastName, Email, Phone) values ('Jeni', 'Petrou', 'jpetrou2p@earthlink.net', '1804104698');
insert into Customer (FirstName, LastName, Email, Phone) values ('Winona', 'Fuente', 'wfuente2q@clickbank.net', '7458075426');
insert into Customer (FirstName, LastName, Email, Phone) values ('Nolly', 'Wharmby', 'nwharmby2r@netscape.com', '5134937420');
-- -----------------------------------------------------
-- Table `Employee`
-- -----------------------------------------------------

insert into Employee (FirstName, LastName) values ('Hillier', 'Behnecke');
insert into Employee (FirstName, LastName) values ('Stacee', 'Fausch');
insert into Employee (FirstName, LastName) values ('Edithe', 'Valentinuzzi');
insert into Employee (FirstName, LastName) values ('Emalee', 'Knell');
insert into Employee (FirstName, LastName) values ('Latisha', 'Danilin');
insert into Employee (FirstName, LastName) values ('Thorstein', 'Stanaway');
insert into Employee (FirstName, LastName) values ('Kelci', 'Rizzolo');
insert into Employee (FirstName, LastName) values ('Kerri', 'Abendroth');
insert into Employee (FirstName, LastName) values ('Delcine', 'Sawood');
insert into Employee (FirstName, LastName) values ('Phebe', 'Lowings');
insert into Employee (FirstName, LastName) values ('Lyssa', 'Daubney');
insert into Employee (FirstName, LastName) values ('Brendan', 'Skipsea');
insert into Employee (FirstName, LastName) values ('Pedro', 'Todarini');
insert into Employee (FirstName, LastName) values ('Olag', 'Fairbanks');
insert into Employee (FirstName, LastName) values ('Yelena', 'Churchouse');
insert into Employee (FirstName, LastName) values ('Opal', 'Jimmison');
insert into Employee (FirstName, LastName) values ('Corene', 'Ashbrook');
insert into Employee (FirstName, LastName) values ('Cozmo', 'Meineking');
insert into Employee (FirstName, LastName) values ('Vidovic', 'Pagelsen');
insert into Employee (FirstName, LastName) values ('Diahann', 'Murkus');
insert into Employee (FirstName, LastName) values ('Clarke', 'Panther');
insert into Employee (FirstName, LastName) values ('Dniren', 'Plaistowe');
insert into Employee (FirstName, LastName) values ('Laney', 'Capon');
insert into Employee (FirstName, LastName) values ('Coleman', 'Gerriet');
insert into Employee (FirstName, LastName) values ('Robenia', 'Yokel');
insert into Employee (FirstName, LastName) values ('Ernest', 'Hounsome');
insert into Employee (FirstName, LastName) values ('Hamid', 'McGlew');
insert into Employee (FirstName, LastName) values ('Robbie', 'Di Biasio');
insert into Employee (FirstName, LastName) values ('Dory', 'MacColl');
insert into Employee (FirstName, LastName) values ('Haze', 'Hawk');
insert into Employee (FirstName, LastName) values ('Jehu', 'Obert');
insert into Employee (FirstName, LastName) values ('Lorne', 'Castelot');
insert into Employee (FirstName, LastName) values ('Coretta', 'Kynd');
insert into Employee (FirstName, LastName) values ('Aryn', 'Mayling');
insert into Employee (FirstName, LastName) values ('Tara', 'Iowarch');
-- -----------------------------------------------------
-- Table `Shop`
-- -----------------------------------------------------
insert into Shop (Name) values ('Downtown');
insert into Shop (Name) values ('West Side');
insert into Shop (Name) values ('East Side');
insert into Shop (Name) values ('North Side');
insert into Shop (Name) values ('South Side');


-- -----------------------------------------------------
-- Table `Sale`
-- -----------------------------------------------------
insert into Sale (CustomerID, EmployeeID, ShopID, Date) values (27, 35, 2, '2018-01-22');
insert into Sale (CustomerID, EmployeeID, ShopID, Date) values (10, 5, 1, '2018-01-11');
insert into Sale (CustomerID, EmployeeID, ShopID, Date) values (86, 13, 5, '2018-01-20');
insert into Sale (CustomerID, EmployeeID, ShopID, Date) values (32, 3, 5, '2018-02-01');
insert into Sale (CustomerID, EmployeeID, ShopID, Date) values (56, 19, 2, '2018-02-08');
insert into Sale (CustomerID, EmployeeID, ShopID, Date) values (60, 28, 4, '2018-02-28');
insert into Sale (CustomerID, EmployeeID, ShopID, Date) values (78, 29, 4, '2018-01-11');
insert into Sale (CustomerID, EmployeeID, ShopID, Date) values (27, 28, 5, '2018-02-09');
insert into Sale (CustomerID, EmployeeID, ShopID, Date) values (84, 14, 1, '2018-03-17');
insert into Sale (CustomerID, EmployeeID, ShopID, Date) values (74, 14, 5, '2018-03-05');
insert into Sale (CustomerID, EmployeeID, ShopID, Date) values (65, 1, 2, '2018-02-16');
insert into Sale (CustomerID, EmployeeID, ShopID, Date) values (54, 26, 1, '2018-01-17');
insert into Sale (CustomerID, EmployeeID, ShopID, Date) values (26, 31, 4, '2018-02-05');
insert into Sale (CustomerID, EmployeeID, ShopID, Date) values (75, 11, 2, '2018-03-29');
insert into Sale (CustomerID, EmployeeID, ShopID, Date) values (22, 17, 4, '2018-03-08');
insert into Sale (CustomerID, EmployeeID, ShopID, Date) values (48, 3, 1, '2018-03-18');
insert into Sale (CustomerID, EmployeeID, ShopID, Date) values (20, 15, 2, '2018-01-06');
insert into Sale (CustomerID, EmployeeID, ShopID, Date) values (35, 29, 5, '2018-03-02');
insert into Sale (CustomerID, EmployeeID, ShopID, Date) values (85, 14, 4, '2018-02-12');
insert into Sale (CustomerID, EmployeeID, ShopID, Date) values (50, 1, 4, '2018-01-27');
insert into Sale (CustomerID, EmployeeID, ShopID, Date) values (93, 23, 3, '2018-03-06');
insert into Sale (CustomerID, EmployeeID, ShopID, Date) values (97, 16, 4, '2018-01-04');
insert into Sale (CustomerID, EmployeeID, ShopID, Date) values (24, 27, 4, '2018-02-21');
insert into Sale (CustomerID, EmployeeID, ShopID, Date) values (18, 28, 1, '2018-01-30');
insert into Sale (CustomerID, EmployeeID, ShopID, Date) values (56, 34, 1, '2018-01-09');
insert into Sale (CustomerID, EmployeeID, ShopID, Date) values (18, 10, 2, '2018-01-10');
insert into Sale (CustomerID, EmployeeID, ShopID, Date) values (17, 5, 5, '2018-01-22');
insert into Sale (CustomerID, EmployeeID, ShopID, Date) values (48, 7, 1, '2018-03-02');
insert into Sale (CustomerID, EmployeeID, ShopID, Date) values (11, 6, 4, '2018-02-13');
insert into Sale (CustomerID, EmployeeID, ShopID, Date) values (25, 24, 4, '2018-03-19');
insert into Sale (CustomerID, EmployeeID, ShopID, Date) values (54, 15, 3, '2018-01-10');
insert into Sale (CustomerID, EmployeeID, ShopID, Date) values (64, 8, 4, '2018-02-06');
insert into Sale (CustomerID, EmployeeID, ShopID, Date) values (12, 24, 1, '2018-02-11');
insert into Sale (CustomerID, EmployeeID, ShopID, Date) values (91, 25, 3, '2018-01-06');
insert into Sale (CustomerID, EmployeeID, ShopID, Date) values (79, 1, 1, '2018-02-17');
insert into Sale (CustomerID, EmployeeID, ShopID, Date) values (33, 27, 2, '2018-03-07');
insert into Sale (CustomerID, EmployeeID, ShopID, Date) values (34, 27, 4, '2018-02-24');
insert into Sale (CustomerID, EmployeeID, ShopID, Date) values (35, 2, 5, '2018-02-27');
insert into Sale (CustomerID, EmployeeID, ShopID, Date) values (51, 2, 5, '2018-02-10');
insert into Sale (CustomerID, EmployeeID, ShopID, Date) values (34, 17, 2, '2018-03-12');
insert into Sale (CustomerID, EmployeeID, ShopID, Date) values (97, 8, 5, '2018-01-01');
insert into Sale (CustomerID, EmployeeID, ShopID, Date) values (98, 29, 1, '2018-03-24');
insert into Sale (CustomerID, EmployeeID, ShopID, Date) values (6, 14, 1, '2018-02-17');
insert into Sale (CustomerID, EmployeeID, ShopID, Date) values (88, 8, 5, '2018-03-16');
insert into Sale (CustomerID, EmployeeID, ShopID, Date) values (86, 4, 5, '2018-01-19');
insert into Sale (CustomerID, EmployeeID, ShopID, Date) values (29, 23, 5, '2018-03-09');
insert into Sale (CustomerID, EmployeeID, ShopID, Date) values (1, 8, 5, '2018-03-26');
insert into Sale (CustomerID, EmployeeID, ShopID, Date) values (29, 21, 4, '2018-01-05');
insert into Sale (CustomerID, EmployeeID, ShopID, Date) values (25, 21, 1, '2018-03-01');
insert into Sale (CustomerID, EmployeeID, ShopID, Date) values (45, 11, 2, '2018-01-26');
insert into Sale (CustomerID, EmployeeID, ShopID, Date) values (44, 29, 5, '2018-01-12');
insert into Sale (CustomerID, EmployeeID, ShopID, Date) values (57, 30, 3, '2018-02-07');
insert into Sale (CustomerID, EmployeeID, ShopID, Date) values (86, 11, 2, '2018-03-10');
insert into Sale (CustomerID, EmployeeID, ShopID, Date) values (45, 25, 5, '2018-01-24');
insert into Sale (CustomerID, EmployeeID, ShopID, Date) values (84, 14, 2, '2018-02-16');
insert into Sale (CustomerID, EmployeeID, ShopID, Date) values (40, 26, 1, '2018-03-25');
insert into Sale (CustomerID, EmployeeID, ShopID, Date) values (96, 5, 5, '2018-02-24');
insert into Sale (CustomerID, EmployeeID, ShopID, Date) values (12, 31, 1, '2018-03-08');
insert into Sale (CustomerID, EmployeeID, ShopID, Date) values (86, 18, 2, '2018-01-29');
insert into Sale (CustomerID, EmployeeID, ShopID, Date) values (18, 28, 4, '2018-02-24');
insert into Sale (CustomerID, EmployeeID, ShopID, Date) values (94, 3, 1, '2018-01-16');
insert into Sale (CustomerID, EmployeeID, ShopID, Date) values (17, 27, 1, '2018-02-14');
insert into Sale (CustomerID, EmployeeID, ShopID, Date) values (72, 5, 5, '2018-03-30');
insert into Sale (CustomerID, EmployeeID, ShopID, Date) values (9, 23, 1, '2018-02-23');
insert into Sale (CustomerID, EmployeeID, ShopID, Date) values (62, 13, 3, '2018-02-08');
insert into Sale (CustomerID, EmployeeID, ShopID, Date) values (7, 26, 2, '2018-03-17');
insert into Sale (CustomerID, EmployeeID, ShopID, Date) values (95, 2, 4, '2018-02-03');
insert into Sale (CustomerID, EmployeeID, ShopID, Date) values (49, 12, 3, '2018-03-02');
insert into Sale (CustomerID, EmployeeID, ShopID, Date) values (9, 10, 5, '2018-03-07');
insert into Sale (CustomerID, EmployeeID, ShopID, Date) values (69, 14, 5, '2018-01-03');
insert into Sale (CustomerID, EmployeeID, ShopID, Date) values (47, 32, 1, '2018-01-15');
insert into Sale (CustomerID, EmployeeID, ShopID, Date) values (25, 31, 4, '2018-03-05');
insert into Sale (CustomerID, EmployeeID, ShopID, Date) values (49, 25, 3, '2018-02-02');
insert into Sale (CustomerID, EmployeeID, ShopID, Date) values (52, 3, 1, '2018-02-04');
insert into Sale (CustomerID, EmployeeID, ShopID, Date) values (100, 29, 5, '2018-01-20');
insert into Sale (CustomerID, EmployeeID, ShopID, Date) values (8, 9, 3, '2018-01-26');
insert into Sale (CustomerID, EmployeeID, ShopID, Date) values (63, 13, 2, '2018-02-16');
insert into Sale (CustomerID, EmployeeID, ShopID, Date) values (49, 22, 4, '2018-03-10');
insert into Sale (CustomerID, EmployeeID, ShopID, Date) values (35, 4, 5, '2018-01-27');
insert into Sale (CustomerID, EmployeeID, ShopID, Date) values (40, 9, 4, '2018-02-16');
insert into Sale (CustomerID, EmployeeID, ShopID, Date) values (20, 10, 5, '2018-03-30');
insert into Sale (CustomerID, EmployeeID, ShopID, Date) values (18, 5, 1, '2018-03-02');
insert into Sale (CustomerID, EmployeeID, ShopID, Date) values (60, 35, 3, '2018-02-02');
insert into Sale (CustomerID, EmployeeID, ShopID, Date) values (58, 28, 5, '2018-02-15');
insert into Sale (CustomerID, EmployeeID, ShopID, Date) values (79, 17, 4, '2018-01-25');
insert into Sale (CustomerID, EmployeeID, ShopID, Date) values (88, 31, 4, '2018-03-24');
insert into Sale (CustomerID, EmployeeID, ShopID, Date) values (27, 5, 1, '2018-02-18');
insert into Sale (CustomerID, EmployeeID, ShopID, Date) values (63, 29, 4, '2018-01-06');
insert into Sale (CustomerID, EmployeeID, ShopID, Date) values (17, 26, 3, '2018-02-12');
insert into Sale (CustomerID, EmployeeID, ShopID, Date) values (79, 6, 4, '2018-02-08');
insert into Sale (CustomerID, EmployeeID, ShopID, Date) values (94, 35, 3, '2018-01-16');
insert into Sale (CustomerID, EmployeeID, ShopID, Date) values (3, 13, 4, '2018-02-14');
insert into Sale (CustomerID, EmployeeID, ShopID, Date) values (44, 33, 5, '2018-01-18');
insert into Sale (CustomerID, EmployeeID, ShopID, Date) values (12, 34, 2, '2018-02-14');
insert into Sale (CustomerID, EmployeeID, ShopID, Date) values (38, 33, 5, '2018-01-19');
insert into Sale (CustomerID, EmployeeID, ShopID, Date) values (52, 15, 2, '2018-01-05');
insert into Sale (CustomerID, EmployeeID, ShopID, Date) values (4, 29, 4, '2018-01-21');
insert into Sale (CustomerID, EmployeeID, ShopID, Date) values (42, 2, 4, '2018-02-12');
insert into Sale (CustomerID, EmployeeID, ShopID, Date) values (5, 19, 4, '2018-02-04');
insert into Sale (CustomerID, EmployeeID, ShopID, Date) values (77, 27, 4, '2018-01-29');
insert into Sale (CustomerID, EmployeeID, ShopID, Date) values (60, 5, 1, '2018-02-28');
insert into Sale (CustomerID, EmployeeID, ShopID, Date) values (36, 5, 1, '2018-01-26');
insert into Sale (CustomerID, EmployeeID, ShopID, Date) values (60, 25, 4, '2018-02-11');
insert into Sale (CustomerID, EmployeeID, ShopID, Date) values (7, 26, 4, '2018-03-28');
insert into Sale (CustomerID, EmployeeID, ShopID, Date) values (90, 7, 5, '2018-03-16');
insert into Sale (CustomerID, EmployeeID, ShopID, Date) values (1, 8, 2, '2018-03-28');
insert into Sale (CustomerID, EmployeeID, ShopID, Date) values (47, 11, 5, '2018-02-21');
insert into Sale (CustomerID, EmployeeID, ShopID, Date) values (25, 13, 4, '2018-02-24');
insert into Sale (CustomerID, EmployeeID, ShopID, Date) values (70, 17, 4, '2018-01-20');
insert into Sale (CustomerID, EmployeeID, ShopID, Date) values (34, 12, 5, '2018-02-24');
insert into Sale (CustomerID, EmployeeID, ShopID, Date) values (86, 29, 2, '2018-01-19');
insert into Sale (CustomerID, EmployeeID, ShopID, Date) values (2, 25, 1, '2018-02-03');
insert into Sale (CustomerID, EmployeeID, ShopID, Date) values (63, 29, 4, '2018-01-23');
insert into Sale (CustomerID, EmployeeID, ShopID, Date) values (13, 16, 5, '2018-02-21');
insert into Sale (CustomerID, EmployeeID, ShopID, Date) values (56, 1, 1, '2018-02-21');
insert into Sale (CustomerID, EmployeeID, ShopID, Date) values (67, 17, 4, '2018-01-10');
insert into Sale (CustomerID, EmployeeID, ShopID, Date) values (86, 12, 2, '2018-02-26');
insert into Sale (CustomerID, EmployeeID, ShopID, Date) values (81, 35, 5, '2018-03-17');
insert into Sale (CustomerID, EmployeeID, ShopID, Date) values (59, 18, 2, '2018-01-04');
insert into Sale (CustomerID, EmployeeID, ShopID, Date) values (76, 1, 2, '2018-02-04');
insert into Sale (CustomerID, EmployeeID, ShopID, Date) values (78, 12, 4, '2018-01-20');
insert into Sale (CustomerID, EmployeeID, ShopID, Date) values (26, 29, 4, '2018-02-26');
insert into Sale (CustomerID, EmployeeID, ShopID, Date) values (57, 12, 4, '2018-03-27');
insert into Sale (CustomerID, EmployeeID, ShopID, Date) values (79, 15, 5, '2018-01-17');
insert into Sale (CustomerID, EmployeeID, ShopID, Date) values (93, 7, 5, '2018-01-16');
insert into Sale (CustomerID, EmployeeID, ShopID, Date) values (59, 29, 5, '2018-03-04');
insert into Sale (CustomerID, EmployeeID, ShopID, Date) values (31, 2, 3, '2018-02-12');
insert into Sale (CustomerID, EmployeeID, ShopID, Date) values (71, 25, 2, '2018-01-17');
insert into Sale (CustomerID, EmployeeID, ShopID, Date) values (35, 2, 3, '2018-03-15');
insert into Sale (CustomerID, EmployeeID, ShopID, Date) values (73, 33, 1, '2018-03-28');
insert into Sale (CustomerID, EmployeeID, ShopID, Date) values (89, 21, 4, '2018-03-25');
insert into Sale (CustomerID, EmployeeID, ShopID, Date) values (33, 7, 5, '2018-03-29');
insert into Sale (CustomerID, EmployeeID, ShopID, Date) values (40, 27, 1, '2018-03-22');
insert into Sale (CustomerID, EmployeeID, ShopID, Date) values (18, 35, 5, '2018-03-13');
insert into Sale (CustomerID, EmployeeID, ShopID, Date) values (67, 1, 5, '2018-02-17');
insert into Sale (CustomerID, EmployeeID, ShopID, Date) values (72, 24, 5, '2018-02-03');
insert into Sale (CustomerID, EmployeeID, ShopID, Date) values (95, 18, 5, '2018-01-26');
insert into Sale (CustomerID, EmployeeID, ShopID, Date) values (65, 30, 3, '2018-03-26');
insert into Sale (CustomerID, EmployeeID, ShopID, Date) values (8, 16, 1, '2018-02-16');
insert into Sale (CustomerID, EmployeeID, ShopID, Date) values (95, 31, 4, '2018-03-06');
insert into Sale (CustomerID, EmployeeID, ShopID, Date) values (64, 13, 1, '2018-02-12');
insert into Sale (CustomerID, EmployeeID, ShopID, Date) values (92, 15, 2, '2018-02-04');
insert into Sale (CustomerID, EmployeeID, ShopID, Date) values (55, 28, 4, '2018-03-06');
insert into Sale (CustomerID, EmployeeID, ShopID, Date) values (91, 34, 3, '2018-03-16');
insert into Sale (CustomerID, EmployeeID, ShopID, Date) values (59, 28, 2, '2018-01-14');
insert into Sale (CustomerID, EmployeeID, ShopID, Date) values (40, 31, 4, '2018-01-17');
insert into Sale (CustomerID, EmployeeID, ShopID, Date) values (87, 17, 5, '2018-01-07');
insert into Sale (CustomerID, EmployeeID, ShopID, Date) values (36, 10, 3, '2018-01-04');
insert into Sale (CustomerID, EmployeeID, ShopID, Date) values (100, 23, 5, '2018-03-30');
insert into Sale (CustomerID, EmployeeID, ShopID, Date) values (46, 8, 3, '2018-03-07');
insert into Sale (CustomerID, EmployeeID, ShopID, Date) values (48, 32, 3, '2018-01-13');
insert into Sale (CustomerID, EmployeeID, ShopID, Date) values (53, 5, 3, '2018-01-20');
insert into Sale (CustomerID, EmployeeID, ShopID, Date) values (58, 4, 3, '2018-03-13');
insert into Sale (CustomerID, EmployeeID, ShopID, Date) values (21, 20, 1, '2018-03-07');
insert into Sale (CustomerID, EmployeeID, ShopID, Date) values (1, 16, 1, '2018-02-15');
insert into Sale (CustomerID, EmployeeID, ShopID, Date) values (74, 21, 5, '2018-01-11');
insert into Sale (CustomerID, EmployeeID, ShopID, Date) values (6, 1, 5, '2018-01-19');
insert into Sale (CustomerID, EmployeeID, ShopID, Date) values (42, 20, 3, '2018-02-03');
insert into Sale (CustomerID, EmployeeID, ShopID, Date) values (20, 2, 5, '2018-02-15');
insert into Sale (CustomerID, EmployeeID, ShopID, Date) values (65, 11, 5, '2018-02-20');
insert into Sale (CustomerID, EmployeeID, ShopID, Date) values (9, 10, 1, '2018-01-27');
insert into Sale (CustomerID, EmployeeID, ShopID, Date) values (37, 34, 2, '2018-03-26');
insert into Sale (CustomerID, EmployeeID, ShopID, Date) values (10, 16, 4, '2018-01-23');
insert into Sale (CustomerID, EmployeeID, ShopID, Date) values (87, 11, 5, '2018-01-17');
insert into Sale (CustomerID, EmployeeID, ShopID, Date) values (37, 14, 1, '2018-03-11');
insert into Sale (CustomerID, EmployeeID, ShopID, Date) values (79, 19, 3, '2018-03-08');
insert into Sale (CustomerID, EmployeeID, ShopID, Date) values (13, 3, 3, '2018-03-03');
insert into Sale (CustomerID, EmployeeID, ShopID, Date) values (22, 6, 4, '2018-01-12');
insert into Sale (CustomerID, EmployeeID, ShopID, Date) values (41, 10, 5, '2018-01-04');
insert into Sale (CustomerID, EmployeeID, ShopID, Date) values (33, 14, 1, '2018-03-11');
insert into Sale (CustomerID, EmployeeID, ShopID, Date) values (66, 29, 4, '2018-03-06');
insert into Sale (CustomerID, EmployeeID, ShopID, Date) values (51, 30, 2, '2018-01-15');
insert into Sale (CustomerID, EmployeeID, ShopID, Date) values (60, 15, 3, '2018-01-09');
insert into Sale (CustomerID, EmployeeID, ShopID, Date) values (64, 15, 2, '2018-01-24');
insert into Sale (CustomerID, EmployeeID, ShopID, Date) values (93, 9, 4, '2018-02-17');
insert into Sale (CustomerID, EmployeeID, ShopID, Date) values (6, 33, 3, '2018-01-22');
insert into Sale (CustomerID, EmployeeID, ShopID, Date) values (7, 14, 2, '2018-03-24');
insert into Sale (CustomerID, EmployeeID, ShopID, Date) values (56, 32, 3, '2018-01-06');
insert into Sale (CustomerID, EmployeeID, ShopID, Date) values (75, 26, 2, '2018-03-08');
insert into Sale (CustomerID, EmployeeID, ShopID, Date) values (22, 6, 5, '2018-02-04');
insert into Sale (CustomerID, EmployeeID, ShopID, Date) values (99, 35, 5, '2018-03-08');
insert into Sale (CustomerID, EmployeeID, ShopID, Date) values (52, 1, 3, '2018-03-21');
insert into Sale (CustomerID, EmployeeID, ShopID, Date) values (70, 17, 5, '2018-03-06');
insert into Sale (CustomerID, EmployeeID, ShopID, Date) values (69, 16, 1, '2018-01-16');
insert into Sale (CustomerID, EmployeeID, ShopID, Date) values (25, 32, 3, '2018-01-02');
insert into Sale (CustomerID, EmployeeID, ShopID, Date) values (40, 13, 2, '2018-01-12');
insert into Sale (CustomerID, EmployeeID, ShopID, Date) values (97, 19, 4, '2018-03-27');
insert into Sale (CustomerID, EmployeeID, ShopID, Date) values (7, 1, 2, '2018-03-14');
insert into Sale (CustomerID, EmployeeID, ShopID, Date) values (97, 11, 3, '2018-03-26');
insert into Sale (CustomerID, EmployeeID, ShopID, Date) values (23, 5, 1, '2018-03-05');
insert into Sale (CustomerID, EmployeeID, ShopID, Date) values (66, 19, 3, '2018-02-28');
insert into Sale (CustomerID, EmployeeID, ShopID, Date) values (93, 8, 2, '2018-02-05');
insert into Sale (CustomerID, EmployeeID, ShopID, Date) values (9, 3, 4, '2018-02-21');
insert into Sale (CustomerID, EmployeeID, ShopID, Date) values (91, 11, 2, '2018-02-17');
insert into Sale (CustomerID, EmployeeID, ShopID, Date) values (37, 9, 5, '2018-02-11');
insert into Sale (CustomerID, EmployeeID, ShopID, Date) values (72, 26, 3, '2018-01-27');
insert into Sale (CustomerID, EmployeeID, ShopID, Date) values (39, 9, 3, '2018-03-01');
insert into Sale (CustomerID, EmployeeID, ShopID, Date) values (39, 27, 1, '2018-02-27');
insert into Sale (CustomerID, EmployeeID, ShopID, Date) values (42, 32, 1, '2018-03-19');
insert into Sale (CustomerID, EmployeeID, ShopID, Date) values (87, 26, 1, '2018-02-11');
insert into Sale (CustomerID, EmployeeID, ShopID, Date) values (70, 23, 2, '2018-02-07');
insert into Sale (CustomerID, EmployeeID, ShopID, Date) values (73, 11, 1, '2018-03-08');
insert into Sale (CustomerID, EmployeeID, ShopID, Date) values (30, 5, 3, '2018-02-04');
insert into Sale (CustomerID, EmployeeID, ShopID, Date) values (33, 24, 4, '2018-02-12');
insert into Sale (CustomerID, EmployeeID, ShopID, Date) values (47, 15, 5, '2018-03-28');
insert into Sale (CustomerID, EmployeeID, ShopID, Date) values (84, 5, 2, '2018-01-21');
insert into Sale (CustomerID, EmployeeID, ShopID, Date) values (10, 9, 3, '2018-03-26');
insert into Sale (CustomerID, EmployeeID, ShopID, Date) values (75, 28, 5, '2018-02-14');
insert into Sale (CustomerID, EmployeeID, ShopID, Date) values (85, 1, 2, '2018-03-10');
insert into Sale (CustomerID, EmployeeID, ShopID, Date) values (92, 6, 1, '2018-02-22');
insert into Sale (CustomerID, EmployeeID, ShopID, Date) values (90, 21, 4, '2018-03-23');
insert into Sale (CustomerID, EmployeeID, ShopID, Date) values (67, 6, 2, '2018-02-18');
insert into Sale (CustomerID, EmployeeID, ShopID, Date) values (41, 19, 5, '2018-02-05');
insert into Sale (CustomerID, EmployeeID, ShopID, Date) values (17, 21, 5, '2018-01-02');
insert into Sale (CustomerID, EmployeeID, ShopID, Date) values (1, 24, 2, '2018-01-02');
insert into Sale (CustomerID, EmployeeID, ShopID, Date) values (40, 13, 4, '2018-03-19');
insert into Sale (CustomerID, EmployeeID, ShopID, Date) values (37, 10, 1, '2018-01-30');
insert into Sale (CustomerID, EmployeeID, ShopID, Date) values (96, 17, 1, '2018-02-26');
insert into Sale (CustomerID, EmployeeID, ShopID, Date) values (53, 28, 1, '2018-01-31');
insert into Sale (CustomerID, EmployeeID, ShopID, Date) values (83, 14, 3, '2018-01-09');
insert into Sale (CustomerID, EmployeeID, ShopID, Date) values (59, 25, 4, '2018-03-25');
insert into Sale (CustomerID, EmployeeID, ShopID, Date) values (38, 14, 5, '2018-03-24');
insert into Sale (CustomerID, EmployeeID, ShopID, Date) values (34, 3, 4, '2018-02-19');
insert into Sale (CustomerID, EmployeeID, ShopID, Date) values (87, 25, 3, '2018-02-04');
insert into Sale (CustomerID, EmployeeID, ShopID, Date) values (75, 28, 2, '2018-03-01');
insert into Sale (CustomerID, EmployeeID, ShopID, Date) values (90, 18, 1, '2018-01-04');
insert into Sale (CustomerID, EmployeeID, ShopID, Date) values (26, 22, 4, '2018-01-25');
insert into Sale (CustomerID, EmployeeID, ShopID, Date) values (53, 9, 2, '2018-01-31');
insert into Sale (CustomerID, EmployeeID, ShopID, Date) values (55, 2, 5, '2018-02-03');
insert into Sale (CustomerID, EmployeeID, ShopID, Date) values (18, 25, 4, '2018-02-12');
insert into Sale (CustomerID, EmployeeID, ShopID, Date) values (12, 28, 1, '2018-02-07');
insert into Sale (CustomerID, EmployeeID, ShopID, Date) values (80, 14, 5, '2018-01-25');
insert into Sale (CustomerID, EmployeeID, ShopID, Date) values (90, 32, 5, '2018-01-24');
insert into Sale (CustomerID, EmployeeID, ShopID, Date) values (13, 6, 1, '2018-03-29');
insert into Sale (CustomerID, EmployeeID, ShopID, Date) values (81, 25, 4, '2018-03-05');
insert into Sale (CustomerID, EmployeeID, ShopID, Date) values (59, 33, 1, '2018-01-03');
insert into Sale (CustomerID, EmployeeID, ShopID, Date) values (20, 29, 4, '2018-02-02');
insert into Sale (CustomerID, EmployeeID, ShopID, Date) values (92, 10, 5, '2018-02-22');
insert into Sale (CustomerID, EmployeeID, ShopID, Date) values (2, 4, 3, '2018-03-26');
insert into Sale (CustomerID, EmployeeID, ShopID, Date) values (82, 17, 4, '2018-01-17');
insert into Sale (CustomerID, EmployeeID, ShopID, Date) values (86, 35, 5, '2018-03-29');
insert into Sale (CustomerID, EmployeeID, ShopID, Date) values (7, 11, 1, '2018-02-10');
insert into Sale (CustomerID, EmployeeID, ShopID, Date) values (63, 26, 2, '2018-03-06');
insert into Sale (CustomerID, EmployeeID, ShopID, Date) values (88, 2, 4, '2018-01-02');
insert into Sale (CustomerID, EmployeeID, ShopID, Date) values (66, 6, 2, '2018-03-26');
insert into Sale (CustomerID, EmployeeID, ShopID, Date) values (1, 17, 1, '2018-02-08');
insert into Sale (CustomerID, EmployeeID, ShopID, Date) values (77, 32, 2, '2018-03-12');
insert into Sale (CustomerID, EmployeeID, ShopID, Date) values (77, 32, 2, '2018-03-08');
insert into Sale (CustomerID, EmployeeID, ShopID, Date) values (54, 10, 2, '2018-02-20');
insert into Sale (CustomerID, EmployeeID, ShopID, Date) values (72, 23, 4, '2018-02-10');
insert into Sale (CustomerID, EmployeeID, ShopID, Date) values (52, 5, 3, '2018-02-02');
insert into Sale (CustomerID, EmployeeID, ShopID, Date) values (33, 4, 5, '2018-03-20');
insert into Sale (CustomerID, EmployeeID, ShopID, Date) values (35, 33, 1, '2018-03-14');
insert into Sale (CustomerID, EmployeeID, ShopID, Date) values (63, 23, 2, '2018-02-17');
insert into Sale (CustomerID, EmployeeID, ShopID, Date) values (1, 16, 3, '2018-01-28');
insert into Sale (CustomerID, EmployeeID, ShopID, Date) values (31, 27, 1, '2018-03-25');
insert into Sale (CustomerID, EmployeeID, ShopID, Date) values (8, 9, 3, '2018-03-29');
insert into Sale (CustomerID, EmployeeID, ShopID, Date) values (54, 35, 2, '2018-01-03');
insert into Sale (CustomerID, EmployeeID, ShopID, Date) values (54, 15, 2, '2018-01-22');
insert into Sale (CustomerID, EmployeeID, ShopID, Date) values (51, 6, 1, '2018-02-28');
insert into Sale (CustomerID, EmployeeID, ShopID, Date) values (13, 9, 4, '2018-01-17');
insert into Sale (CustomerID, EmployeeID, ShopID, Date) values (69, 4, 1, '2018-03-05');
insert into Sale (CustomerID, EmployeeID, ShopID, Date) values (35, 8, 5, '2018-02-27');
insert into Sale (CustomerID, EmployeeID, ShopID, Date) values (72, 22, 1, '2018-01-19');
insert into Sale (CustomerID, EmployeeID, ShopID, Date) values (3, 2, 5, '2018-01-08');
insert into Sale (CustomerID, EmployeeID, ShopID, Date) values (40, 27, 1, '2018-03-17');
insert into Sale (CustomerID, EmployeeID, ShopID, Date) values (29, 12, 1, '2018-02-28');
insert into Sale (CustomerID, EmployeeID, ShopID, Date) values (7, 28, 5, '2018-02-17');
insert into Sale (CustomerID, EmployeeID, ShopID, Date) values (85, 12, 3, '2018-01-25');
insert into Sale (CustomerID, EmployeeID, ShopID, Date) values (36, 31, 4, '2018-03-18');
insert into Sale (CustomerID, EmployeeID, ShopID, Date) values (42, 5, 2, '2018-01-01');
insert into Sale (CustomerID, EmployeeID, ShopID, Date) values (79, 14, 2, '2018-03-16');
insert into Sale (CustomerID, EmployeeID, ShopID, Date) values (18, 13, 5, '2018-02-16');
insert into Sale (CustomerID, EmployeeID, ShopID, Date) values (21, 30, 5, '2018-03-08');
insert into Sale (CustomerID, EmployeeID, ShopID, Date) values (9, 5, 1, '2018-01-23');
insert into Sale (CustomerID, EmployeeID, ShopID, Date) values (37, 32, 2, '2018-03-03');
insert into Sale (CustomerID, EmployeeID, ShopID, Date) values (82, 23, 3, '2018-01-05');
insert into Sale (CustomerID, EmployeeID, ShopID, Date) values (85, 19, 5, '2018-03-02');
insert into Sale (CustomerID, EmployeeID, ShopID, Date) values (29, 23, 3, '2018-01-26');
insert into Sale (CustomerID, EmployeeID, ShopID, Date) values (24, 9, 4, '2018-01-19');
insert into Sale (CustomerID, EmployeeID, ShopID, Date) values (12, 9, 5, '2018-02-14');
insert into Sale (CustomerID, EmployeeID, ShopID, Date) values (85, 26, 1, '2018-01-25');
insert into Sale (CustomerID, EmployeeID, ShopID, Date) values (49, 23, 1, '2018-01-12');
insert into Sale (CustomerID, EmployeeID, ShopID, Date) values (81, 33, 5, '2018-02-26');
insert into Sale (CustomerID, EmployeeID, ShopID, Date) values (94, 8, 5, '2018-01-09');
insert into Sale (CustomerID, EmployeeID, ShopID, Date) values (9, 35, 1, '2018-01-16');
insert into Sale (CustomerID, EmployeeID, ShopID, Date) values (38, 20, 1, '2018-01-23');
insert into Sale (CustomerID, EmployeeID, ShopID, Date) values (35, 19, 5, '2018-01-18');
insert into Sale (CustomerID, EmployeeID, ShopID, Date) values (62, 10, 5, '2018-03-06');
insert into Sale (CustomerID, EmployeeID, ShopID, Date) values (98, 9, 5, '2018-01-17');
insert into Sale (CustomerID, EmployeeID, ShopID, Date) values (14, 15, 3, '2018-01-17');
insert into Sale (CustomerID, EmployeeID, ShopID, Date) values (39, 7, 5, '2018-01-02');
insert into Sale (CustomerID, EmployeeID, ShopID, Date) values (37, 26, 1, '2018-03-26');
insert into Sale (CustomerID, EmployeeID, ShopID, Date) values (12, 3, 1, '2018-03-06');
insert into Sale (CustomerID, EmployeeID, ShopID, Date) values (63, 11, 3, '2018-01-25');
insert into Sale (CustomerID, EmployeeID, ShopID, Date) values (59, 7, 1, '2018-03-13');
insert into Sale (CustomerID, EmployeeID, ShopID, Date) values (5, 11, 5, '2018-01-03');
insert into Sale (CustomerID, EmployeeID, ShopID, Date) values (19, 14, 3, '2018-02-14');
insert into Sale (CustomerID, EmployeeID, ShopID, Date) values (73, 34, 1, '2018-01-13');
insert into Sale (CustomerID, EmployeeID, ShopID, Date) values (64, 6, 3, '2018-02-11');

-- -----------------------------------------------------
-- Table `Recipe`
-- -----------------------------------------------------
insert into Recipe (Name, Quantity) values ('Bread, Rye', 36);
insert into Recipe (Name, Quantity) values ('Bread, Whole Wheat', 36);
insert into Recipe (Name, Quantity) values ('Bread, White', 36);
insert into Recipe (Name, Quantity) values ('Cinnamon Rolls', 96);
insert into Recipe (Name, Quantity) values ('Bear Claws', 96);
insert into Recipe (Name, Quantity) values ('Pain Au Chocolate', 96);
insert into Recipe (Name, Quantity) values ('Cookies, Chocolate Chip', 120);
insert into Recipe (Name, Quantity) values ('Cookies, Gingerbread', 80);
insert into Recipe (Name, Quantity) values ('Cookies, Snickerdoodle', 120);
insert into Recipe (Name, Quantity) values ('Cookies, Sugar', 120);
insert into Recipe (Name, Quantity) values ('Cookies, Cutouts', 80);
insert into Recipe (Name, Quantity) values ('Cookies, Cranberry Walnut', 120);
insert into Recipe (Name, Quantity) values ('Cookies, Triple Chocolate', 120);
insert into Recipe (Name, Quantity) values ('Cake, Marble', 20);
insert into Recipe (Name, Quantity) values ('Pie, Strawberry', 24);


-- -----------------------------------------------------
-- Table `Product`
-- -----------------------------------------------------
insert into Product (Name, RecipeID, Price) values ('Bread, Rye', 1, 4.95);
insert into Product (Name, RecipeID, Price) values ('Bread, Whole Wheat', 2, 4.95);
insert into Product (Name, RecipeID, Price) values ('Bread, White', 3, 4.25);
insert into Product (Name, RecipeID, Price) values ('Cinnamon Rolls', 4, 2.25);
insert into Product (Name, RecipeID, Price) values ('Bear Claws', 5, 2.25);
insert into Product (Name, RecipeID, Price) values ('Pain Au Chocolate', 6, 2.25);
insert into Product (Name, RecipeID, Price) values ('Cookies, Chocolate Chip', 7, 1.25);
insert into Product (Name, RecipeID, Price) values ('Cookies, Gingerbread', 8, 1.95);
insert into Product (Name, RecipeID, Price) values ('Cookies, Snickerdoodle', 9, 1.25);
insert into Product (Name, RecipeID, Price) values ('Cookies, Sugar', 10, 1.25);
insert into Product (Name, RecipeID, Price) values ('Cookies, Cutouts', 11, 2.25);
insert into Product (Name, RecipeID, Price) values ('Cookies, Cranberry Walnut', 12, 2.25);
insert into Product (Name, RecipeID, Price) values ('Cookies, Triple Chocolate', 13, 1.75);
insert into Product (Name, RecipeID, Price) values ('Cake, Marble', 14, 15.75);
insert into Product (Name, RecipeID, Price) values ('Pie, Strawberry', 15, 10.25);




-- -----------------------------------------------------
-- Table `SaleLineItem`
-- -----------------------------------------------------
insert into SaleLineItem (SaleID, ProductID, Quantity) values (159, 12, 1);
insert into SaleLineItem (SaleID, ProductID, Quantity) values (54, 6, 17);
insert into SaleLineItem (SaleID, ProductID, Quantity) values (89, 2, 5);
insert into SaleLineItem (SaleID, ProductID, Quantity) values (104, 15, 5);
insert into SaleLineItem (SaleID, ProductID, Quantity) values (66, 7, 5);
insert into SaleLineItem (SaleID, ProductID, Quantity) values (139, 12, 8);
insert into SaleLineItem (SaleID, ProductID, Quantity) values (92, 15, 4);
insert into SaleLineItem (SaleID, ProductID, Quantity) values (38, 3, 9);
insert into SaleLineItem (SaleID, ProductID, Quantity) values (36, 1, 6);
insert into SaleLineItem (SaleID, ProductID, Quantity) values (220, 7, 11);
insert into SaleLineItem (SaleID, ProductID, Quantity) values (261, 9, 8);
insert into SaleLineItem (SaleID, ProductID, Quantity) values (259, 3, 13);
insert into SaleLineItem (SaleID, ProductID, Quantity) values (108, 13, 13);
insert into SaleLineItem (SaleID, ProductID, Quantity) values (130, 14, 12);
insert into SaleLineItem (SaleID, ProductID, Quantity) values (284, 14, 8);
insert into SaleLineItem (SaleID, ProductID, Quantity) values (86, 7, 12);
insert into SaleLineItem (SaleID, ProductID, Quantity) values (240, 8, 7);
insert into SaleLineItem (SaleID, ProductID, Quantity) values (123, 1, 5);
insert into SaleLineItem (SaleID, ProductID, Quantity) values (129, 8, 10);
insert into SaleLineItem (SaleID, ProductID, Quantity) values (57, 11, 6);
insert into SaleLineItem (SaleID, ProductID, Quantity) values (121, 15, 4);
insert into SaleLineItem (SaleID, ProductID, Quantity) values (8, 15, 9);
insert into SaleLineItem (SaleID, ProductID, Quantity) values (69, 3, 4);
insert into SaleLineItem (SaleID, ProductID, Quantity) values (88, 7, 18);
insert into SaleLineItem (SaleID, ProductID, Quantity) values (75, 2, 7);
insert into SaleLineItem (SaleID, ProductID, Quantity) values (56, 4, 2);
insert into SaleLineItem (SaleID, ProductID, Quantity) values (41, 7, 11);
insert into SaleLineItem (SaleID, ProductID, Quantity) values (173, 15, 10);
insert into SaleLineItem (SaleID, ProductID, Quantity) values (120, 7, 15);
insert into SaleLineItem (SaleID, ProductID, Quantity) values (93, 6, 5);
insert into SaleLineItem (SaleID, ProductID, Quantity) values (228, 5, 13);
insert into SaleLineItem (SaleID, ProductID, Quantity) values (114, 11, 6);
insert into SaleLineItem (SaleID, ProductID, Quantity) values (160, 1, 14);
insert into SaleLineItem (SaleID, ProductID, Quantity) values (276, 11, 18);
insert into SaleLineItem (SaleID, ProductID, Quantity) values (102, 13, 1);
insert into SaleLineItem (SaleID, ProductID, Quantity) values (2, 10, 1);
insert into SaleLineItem (SaleID, ProductID, Quantity) values (149, 12, 14);
insert into SaleLineItem (SaleID, ProductID, Quantity) values (61, 7, 2);
insert into SaleLineItem (SaleID, ProductID, Quantity) values (118, 5, 7);
insert into SaleLineItem (SaleID, ProductID, Quantity) values (79, 11, 12);
insert into SaleLineItem (SaleID, ProductID, Quantity) values (189, 4, 16);
insert into SaleLineItem (SaleID, ProductID, Quantity) values (56, 12, 5);
insert into SaleLineItem (SaleID, ProductID, Quantity) values (78, 8, 10);
insert into SaleLineItem (SaleID, ProductID, Quantity) values (253, 8, 14);
insert into SaleLineItem (SaleID, ProductID, Quantity) values (223, 10, 10);
insert into SaleLineItem (SaleID, ProductID, Quantity) values (151, 9, 8);
insert into SaleLineItem (SaleID, ProductID, Quantity) values (169, 11, 9);
insert into SaleLineItem (SaleID, ProductID, Quantity) values (4, 13, 14);
insert into SaleLineItem (SaleID, ProductID, Quantity) values (122, 6, 1);
insert into SaleLineItem (SaleID, ProductID, Quantity) values (256, 4, 18);
insert into SaleLineItem (SaleID, ProductID, Quantity) values (83, 1, 8);
insert into SaleLineItem (SaleID, ProductID, Quantity) values (65, 13, 14);
insert into SaleLineItem (SaleID, ProductID, Quantity) values (293, 4, 6);
insert into SaleLineItem (SaleID, ProductID, Quantity) values (203, 7, 13);
insert into SaleLineItem (SaleID, ProductID, Quantity) values (242, 2, 5);
insert into SaleLineItem (SaleID, ProductID, Quantity) values (263, 12, 8);
insert into SaleLineItem (SaleID, ProductID, Quantity) values (241, 4, 5);
insert into SaleLineItem (SaleID, ProductID, Quantity) values (27, 9, 5);
insert into SaleLineItem (SaleID, ProductID, Quantity) values (39, 3, 2);
insert into SaleLineItem (SaleID, ProductID, Quantity) values (216, 10, 2);
insert into SaleLineItem (SaleID, ProductID, Quantity) values (293, 12, 13);
insert into SaleLineItem (SaleID, ProductID, Quantity) values (272, 10, 16);
insert into SaleLineItem (SaleID, ProductID, Quantity) values (252, 14, 18);
insert into SaleLineItem (SaleID, ProductID, Quantity) values (272, 8, 3);
insert into SaleLineItem (SaleID, ProductID, Quantity) values (65, 7, 15);
insert into SaleLineItem (SaleID, ProductID, Quantity) values (87, 8, 1);
insert into SaleLineItem (SaleID, ProductID, Quantity) values (188, 4, 3);
insert into SaleLineItem (SaleID, ProductID, Quantity) values (47, 8, 18);
insert into SaleLineItem (SaleID, ProductID, Quantity) values (101, 9, 12);
insert into SaleLineItem (SaleID, ProductID, Quantity) values (38, 6, 17);
insert into SaleLineItem (SaleID, ProductID, Quantity) values (46, 8, 1);
insert into SaleLineItem (SaleID, ProductID, Quantity) values (2, 12, 3);
insert into SaleLineItem (SaleID, ProductID, Quantity) values (297, 12, 9);
insert into SaleLineItem (SaleID, ProductID, Quantity) values (165, 12, 6);
insert into SaleLineItem (SaleID, ProductID, Quantity) values (224, 4, 17);
insert into SaleLineItem (SaleID, ProductID, Quantity) values (223, 7, 8);
insert into SaleLineItem (SaleID, ProductID, Quantity) values (238, 2, 11);
insert into SaleLineItem (SaleID, ProductID, Quantity) values (158, 8, 5);
insert into SaleLineItem (SaleID, ProductID, Quantity) values (55, 4, 11);
insert into SaleLineItem (SaleID, ProductID, Quantity) values (13, 6, 2);
insert into SaleLineItem (SaleID, ProductID, Quantity) values (178, 12, 14);
insert into SaleLineItem (SaleID, ProductID, Quantity) values (109, 15, 15);
insert into SaleLineItem (SaleID, ProductID, Quantity) values (104, 15, 3);
insert into SaleLineItem (SaleID, ProductID, Quantity) values (75, 5, 7);
insert into SaleLineItem (SaleID, ProductID, Quantity) values (18, 6, 1);
insert into SaleLineItem (SaleID, ProductID, Quantity) values (101, 3, 13);
insert into SaleLineItem (SaleID, ProductID, Quantity) values (157, 9, 2);
insert into SaleLineItem (SaleID, ProductID, Quantity) values (24, 4, 6);
insert into SaleLineItem (SaleID, ProductID, Quantity) values (194, 5, 4);
insert into SaleLineItem (SaleID, ProductID, Quantity) values (41, 10, 8);
insert into SaleLineItem (SaleID, ProductID, Quantity) values (197, 12, 12);
insert into SaleLineItem (SaleID, ProductID, Quantity) values (95, 1, 15);
insert into SaleLineItem (SaleID, ProductID, Quantity) values (151, 1, 11);
insert into SaleLineItem (SaleID, ProductID, Quantity) values (9, 11, 13);
insert into SaleLineItem (SaleID, ProductID, Quantity) values (205, 14, 1);
insert into SaleLineItem (SaleID, ProductID, Quantity) values (255, 7, 2);
insert into SaleLineItem (SaleID, ProductID, Quantity) values (40, 9, 4);
insert into SaleLineItem (SaleID, ProductID, Quantity) values (170, 10, 16);
insert into SaleLineItem (SaleID, ProductID, Quantity) values (266, 12, 7);
insert into SaleLineItem (SaleID, ProductID, Quantity) values (262, 3, 4);
insert into SaleLineItem (SaleID, ProductID, Quantity) values (35, 13, 16);
insert into SaleLineItem (SaleID, ProductID, Quantity) values (259, 1, 2);
insert into SaleLineItem (SaleID, ProductID, Quantity) values (191, 12, 5);
insert into SaleLineItem (SaleID, ProductID, Quantity) values (245, 1, 8);
insert into SaleLineItem (SaleID, ProductID, Quantity) values (152, 14, 3);
insert into SaleLineItem (SaleID, ProductID, Quantity) values (292, 6, 4);
insert into SaleLineItem (SaleID, ProductID, Quantity) values (206, 2, 1);
insert into SaleLineItem (SaleID, ProductID, Quantity) values (209, 13, 14);
insert into SaleLineItem (SaleID, ProductID, Quantity) values (283, 15, 14);
insert into SaleLineItem (SaleID, ProductID, Quantity) values (255, 4, 4);
insert into SaleLineItem (SaleID, ProductID, Quantity) values (112, 14, 9);
insert into SaleLineItem (SaleID, ProductID, Quantity) values (206, 14, 17);
insert into SaleLineItem (SaleID, ProductID, Quantity) values (255, 2, 3);
insert into SaleLineItem (SaleID, ProductID, Quantity) values (223, 12, 18);
insert into SaleLineItem (SaleID, ProductID, Quantity) values (289, 13, 18);
insert into SaleLineItem (SaleID, ProductID, Quantity) values (166, 5, 18);
insert into SaleLineItem (SaleID, ProductID, Quantity) values (118, 13, 11);
insert into SaleLineItem (SaleID, ProductID, Quantity) values (75, 13, 8);
insert into SaleLineItem (SaleID, ProductID, Quantity) values (264, 12, 17);
insert into SaleLineItem (SaleID, ProductID, Quantity) values (214, 8, 18);
insert into SaleLineItem (SaleID, ProductID, Quantity) values (227, 8, 11);
insert into SaleLineItem (SaleID, ProductID, Quantity) values (202, 5, 5);
insert into SaleLineItem (SaleID, ProductID, Quantity) values (49, 6, 7);
insert into SaleLineItem (SaleID, ProductID, Quantity) values (273, 7, 13);
insert into SaleLineItem (SaleID, ProductID, Quantity) values (73, 4, 17);
insert into SaleLineItem (SaleID, ProductID, Quantity) values (152, 2, 8);
insert into SaleLineItem (SaleID, ProductID, Quantity) values (257, 14, 12);
insert into SaleLineItem (SaleID, ProductID, Quantity) values (33, 15, 2);
insert into SaleLineItem (SaleID, ProductID, Quantity) values (268, 14, 17);
insert into SaleLineItem (SaleID, ProductID, Quantity) values (99, 12, 16);
insert into SaleLineItem (SaleID, ProductID, Quantity) values (166, 6, 16);
insert into SaleLineItem (SaleID, ProductID, Quantity) values (158, 9, 10);
insert into SaleLineItem (SaleID, ProductID, Quantity) values (153, 9, 7);
insert into SaleLineItem (SaleID, ProductID, Quantity) values (262, 11, 3);
insert into SaleLineItem (SaleID, ProductID, Quantity) values (103, 5, 15);
insert into SaleLineItem (SaleID, ProductID, Quantity) values (130, 15, 11);
insert into SaleLineItem (SaleID, ProductID, Quantity) values (2, 11, 7);
insert into SaleLineItem (SaleID, ProductID, Quantity) values (131, 11, 13);
insert into SaleLineItem (SaleID, ProductID, Quantity) values (187, 3, 16);
insert into SaleLineItem (SaleID, ProductID, Quantity) values (131, 15, 6);
insert into SaleLineItem (SaleID, ProductID, Quantity) values (172, 2, 5);
insert into SaleLineItem (SaleID, ProductID, Quantity) values (97, 2, 9);
insert into SaleLineItem (SaleID, ProductID, Quantity) values (107, 12, 8);
insert into SaleLineItem (SaleID, ProductID, Quantity) values (133, 4, 11);
insert into SaleLineItem (SaleID, ProductID, Quantity) values (221, 3, 3);
insert into SaleLineItem (SaleID, ProductID, Quantity) values (150, 15, 14);
insert into SaleLineItem (SaleID, ProductID, Quantity) values (183, 9, 10);
insert into SaleLineItem (SaleID, ProductID, Quantity) values (282, 9, 11);
insert into SaleLineItem (SaleID, ProductID, Quantity) values (126, 15, 5);
insert into SaleLineItem (SaleID, ProductID, Quantity) values (202, 4, 12);
insert into SaleLineItem (SaleID, ProductID, Quantity) values (18, 3, 2);
insert into SaleLineItem (SaleID, ProductID, Quantity) values (189, 15, 13);
insert into SaleLineItem (SaleID, ProductID, Quantity) values (162, 7, 9);
insert into SaleLineItem (SaleID, ProductID, Quantity) values (191, 12, 8);
insert into SaleLineItem (SaleID, ProductID, Quantity) values (96, 9, 5);
insert into SaleLineItem (SaleID, ProductID, Quantity) values (261, 4, 15);
insert into SaleLineItem (SaleID, ProductID, Quantity) values (176, 3, 9);
insert into SaleLineItem (SaleID, ProductID, Quantity) values (228, 14, 4);
insert into SaleLineItem (SaleID, ProductID, Quantity) values (62, 4, 8);
insert into SaleLineItem (SaleID, ProductID, Quantity) values (193, 4, 9);
insert into SaleLineItem (SaleID, ProductID, Quantity) values (62, 11, 3);
insert into SaleLineItem (SaleID, ProductID, Quantity) values (147, 9, 12);
insert into SaleLineItem (SaleID, ProductID, Quantity) values (145, 13, 10);
insert into SaleLineItem (SaleID, ProductID, Quantity) values (135, 8, 10);
insert into SaleLineItem (SaleID, ProductID, Quantity) values (241, 11, 15);
insert into SaleLineItem (SaleID, ProductID, Quantity) values (268, 8, 8);
insert into SaleLineItem (SaleID, ProductID, Quantity) values (142, 12, 8);
insert into SaleLineItem (SaleID, ProductID, Quantity) values (185, 9, 15);
insert into SaleLineItem (SaleID, ProductID, Quantity) values (182, 5, 5);
insert into SaleLineItem (SaleID, ProductID, Quantity) values (131, 6, 14);
insert into SaleLineItem (SaleID, ProductID, Quantity) values (292, 7, 8);
insert into SaleLineItem (SaleID, ProductID, Quantity) values (207, 9, 14);
insert into SaleLineItem (SaleID, ProductID, Quantity) values (55, 2, 17);
insert into SaleLineItem (SaleID, ProductID, Quantity) values (207, 5, 4);
insert into SaleLineItem (SaleID, ProductID, Quantity) values (253, 10, 17);
insert into SaleLineItem (SaleID, ProductID, Quantity) values (155, 10, 5);
insert into SaleLineItem (SaleID, ProductID, Quantity) values (276, 12, 2);
insert into SaleLineItem (SaleID, ProductID, Quantity) values (128, 12, 17);
insert into SaleLineItem (SaleID, ProductID, Quantity) values (174, 4, 1);
insert into SaleLineItem (SaleID, ProductID, Quantity) values (221, 5, 13);
insert into SaleLineItem (SaleID, ProductID, Quantity) values (59, 2, 5);
insert into SaleLineItem (SaleID, ProductID, Quantity) values (180, 12, 13);
insert into SaleLineItem (SaleID, ProductID, Quantity) values (155, 12, 5);
insert into SaleLineItem (SaleID, ProductID, Quantity) values (203, 6, 17);
insert into SaleLineItem (SaleID, ProductID, Quantity) values (217, 1, 2);
insert into SaleLineItem (SaleID, ProductID, Quantity) values (213, 2, 18);
insert into SaleLineItem (SaleID, ProductID, Quantity) values (97, 13, 6);
insert into SaleLineItem (SaleID, ProductID, Quantity) values (77, 3, 9);
insert into SaleLineItem (SaleID, ProductID, Quantity) values (285, 15, 7);
insert into SaleLineItem (SaleID, ProductID, Quantity) values (274, 14, 2);
insert into SaleLineItem (SaleID, ProductID, Quantity) values (1, 9, 11);
insert into SaleLineItem (SaleID, ProductID, Quantity) values (208, 15, 14);
insert into SaleLineItem (SaleID, ProductID, Quantity) values (86, 5, 2);
insert into SaleLineItem (SaleID, ProductID, Quantity) values (98, 2, 6);
insert into SaleLineItem (SaleID, ProductID, Quantity) values (118, 8, 8);
insert into SaleLineItem (SaleID, ProductID, Quantity) values (69, 8, 12);
insert into SaleLineItem (SaleID, ProductID, Quantity) values (67, 12, 16);
insert into SaleLineItem (SaleID, ProductID, Quantity) values (198, 9, 12);
insert into SaleLineItem (SaleID, ProductID, Quantity) values (147, 2, 3);
insert into SaleLineItem (SaleID, ProductID, Quantity) values (156, 10, 6);
insert into SaleLineItem (SaleID, ProductID, Quantity) values (26, 3, 1);
insert into SaleLineItem (SaleID, ProductID, Quantity) values (126, 13, 2);
insert into SaleLineItem (SaleID, ProductID, Quantity) values (159, 9, 5);
insert into SaleLineItem (SaleID, ProductID, Quantity) values (187, 5, 9);
insert into SaleLineItem (SaleID, ProductID, Quantity) values (124, 5, 10);
insert into SaleLineItem (SaleID, ProductID, Quantity) values (192, 6, 13);
insert into SaleLineItem (SaleID, ProductID, Quantity) values (196, 5, 3);
insert into SaleLineItem (SaleID, ProductID, Quantity) values (35, 11, 2);
insert into SaleLineItem (SaleID, ProductID, Quantity) values (286, 10, 14);
insert into SaleLineItem (SaleID, ProductID, Quantity) values (100, 10, 10);
insert into SaleLineItem (SaleID, ProductID, Quantity) values (164, 5, 13);
insert into SaleLineItem (SaleID, ProductID, Quantity) values (120, 11, 11);
insert into SaleLineItem (SaleID, ProductID, Quantity) values (39, 5, 16);
insert into SaleLineItem (SaleID, ProductID, Quantity) values (244, 13, 18);
insert into SaleLineItem (SaleID, ProductID, Quantity) values (41, 2, 12);
insert into SaleLineItem (SaleID, ProductID, Quantity) values (210, 14, 12);
insert into SaleLineItem (SaleID, ProductID, Quantity) values (23, 9, 15);
insert into SaleLineItem (SaleID, ProductID, Quantity) values (150, 6, 17);
insert into SaleLineItem (SaleID, ProductID, Quantity) values (142, 12, 9);
insert into SaleLineItem (SaleID, ProductID, Quantity) values (176, 1, 6);
insert into SaleLineItem (SaleID, ProductID, Quantity) values (24, 6, 8);
insert into SaleLineItem (SaleID, ProductID, Quantity) values (34, 9, 3);
insert into SaleLineItem (SaleID, ProductID, Quantity) values (74, 2, 11);
insert into SaleLineItem (SaleID, ProductID, Quantity) values (165, 8, 8);
insert into SaleLineItem (SaleID, ProductID, Quantity) values (187, 7, 2);
insert into SaleLineItem (SaleID, ProductID, Quantity) values (125, 13, 4);
insert into SaleLineItem (SaleID, ProductID, Quantity) values (167, 5, 3);
insert into SaleLineItem (SaleID, ProductID, Quantity) values (280, 10, 16);
insert into SaleLineItem (SaleID, ProductID, Quantity) values (13, 12, 6);
insert into SaleLineItem (SaleID, ProductID, Quantity) values (67, 14, 18);
insert into SaleLineItem (SaleID, ProductID, Quantity) values (198, 14, 14);
insert into SaleLineItem (SaleID, ProductID, Quantity) values (11, 6, 14);
insert into SaleLineItem (SaleID, ProductID, Quantity) values (90, 5, 13);
insert into SaleLineItem (SaleID, ProductID, Quantity) values (135, 5, 11);
insert into SaleLineItem (SaleID, ProductID, Quantity) values (286, 5, 16);
insert into SaleLineItem (SaleID, ProductID, Quantity) values (107, 7, 14);
insert into SaleLineItem (SaleID, ProductID, Quantity) values (253, 8, 12);
insert into SaleLineItem (SaleID, ProductID, Quantity) values (148, 8, 15);
insert into SaleLineItem (SaleID, ProductID, Quantity) values (61, 1, 7);
insert into SaleLineItem (SaleID, ProductID, Quantity) values (55, 5, 9);
insert into SaleLineItem (SaleID, ProductID, Quantity) values (258, 6, 9);
insert into SaleLineItem (SaleID, ProductID, Quantity) values (102, 3, 8);
insert into SaleLineItem (SaleID, ProductID, Quantity) values (55, 8, 5);
insert into SaleLineItem (SaleID, ProductID, Quantity) values (69, 10, 5);
insert into SaleLineItem (SaleID, ProductID, Quantity) values (215, 6, 15);
insert into SaleLineItem (SaleID, ProductID, Quantity) values (260, 15, 2);
insert into SaleLineItem (SaleID, ProductID, Quantity) values (218, 15, 2);
insert into SaleLineItem (SaleID, ProductID, Quantity) values (133, 3, 14);
insert into SaleLineItem (SaleID, ProductID, Quantity) values (285, 10, 14);
insert into SaleLineItem (SaleID, ProductID, Quantity) values (217, 9, 9);
insert into SaleLineItem (SaleID, ProductID, Quantity) values (149, 1, 5);
insert into SaleLineItem (SaleID, ProductID, Quantity) values (180, 12, 13);
insert into SaleLineItem (SaleID, ProductID, Quantity) values (131, 1, 9);
insert into SaleLineItem (SaleID, ProductID, Quantity) values (48, 9, 15);
insert into SaleLineItem (SaleID, ProductID, Quantity) values (145, 15, 2);
insert into SaleLineItem (SaleID, ProductID, Quantity) values (197, 7, 1);
insert into SaleLineItem (SaleID, ProductID, Quantity) values (221, 7, 8);
insert into SaleLineItem (SaleID, ProductID, Quantity) values (297, 1, 15);
insert into SaleLineItem (SaleID, ProductID, Quantity) values (102, 14, 2);
insert into SaleLineItem (SaleID, ProductID, Quantity) values (166, 8, 12);
insert into SaleLineItem (SaleID, ProductID, Quantity) values (20, 6, 4);
insert into SaleLineItem (SaleID, ProductID, Quantity) values (232, 2, 1);
insert into SaleLineItem (SaleID, ProductID, Quantity) values (80, 11, 13);
insert into SaleLineItem (SaleID, ProductID, Quantity) values (228, 2, 6);
insert into SaleLineItem (SaleID, ProductID, Quantity) values (251, 11, 14);
insert into SaleLineItem (SaleID, ProductID, Quantity) values (234, 4, 14);
insert into SaleLineItem (SaleID, ProductID, Quantity) values (176, 8, 3);
insert into SaleLineItem (SaleID, ProductID, Quantity) values (47, 10, 9);
insert into SaleLineItem (SaleID, ProductID, Quantity) values (163, 4, 16);
insert into SaleLineItem (SaleID, ProductID, Quantity) values (175, 9, 14);
insert into SaleLineItem (SaleID, ProductID, Quantity) values (6, 13, 7);
insert into SaleLineItem (SaleID, ProductID, Quantity) values (230, 2, 1);
insert into SaleLineItem (SaleID, ProductID, Quantity) values (288, 7, 3);
insert into SaleLineItem (SaleID, ProductID, Quantity) values (294, 3, 9);
insert into SaleLineItem (SaleID, ProductID, Quantity) values (274, 1, 13);
insert into SaleLineItem (SaleID, ProductID, Quantity) values (243, 13, 16);
insert into SaleLineItem (SaleID, ProductID, Quantity) values (212, 8, 3);
insert into SaleLineItem (SaleID, ProductID, Quantity) values (16, 12, 4);
insert into SaleLineItem (SaleID, ProductID, Quantity) values (234, 1, 8);
insert into SaleLineItem (SaleID, ProductID, Quantity) values (230, 1, 5);
insert into SaleLineItem (SaleID, ProductID, Quantity) values (42, 12, 13);
insert into SaleLineItem (SaleID, ProductID, Quantity) values (138, 1, 10);
insert into SaleLineItem (SaleID, ProductID, Quantity) values (214, 4, 3);
insert into SaleLineItem (SaleID, ProductID, Quantity) values (85, 8, 10);
insert into SaleLineItem (SaleID, ProductID, Quantity) values (256, 13, 15);
insert into SaleLineItem (SaleID, ProductID, Quantity) values (89, 10, 16);
insert into SaleLineItem (SaleID, ProductID, Quantity) values (223, 6, 4);
insert into SaleLineItem (SaleID, ProductID, Quantity) values (92, 1, 6);
insert into SaleLineItem (SaleID, ProductID, Quantity) values (118, 14, 5);
insert into SaleLineItem (SaleID, ProductID, Quantity) values (134, 9, 3);
insert into SaleLineItem (SaleID, ProductID, Quantity) values (180, 10, 11);
insert into SaleLineItem (SaleID, ProductID, Quantity) values (102, 3, 15);
insert into SaleLineItem (SaleID, ProductID, Quantity) values (29, 10, 2);
insert into SaleLineItem (SaleID, ProductID, Quantity) values (47, 13, 6);
insert into SaleLineItem (SaleID, ProductID, Quantity) values (294, 15, 4);
insert into SaleLineItem (SaleID, ProductID, Quantity) values (249, 12, 3);
insert into SaleLineItem (SaleID, ProductID, Quantity) values (267, 11, 15);
insert into SaleLineItem (SaleID, ProductID, Quantity) values (141, 12, 1);
insert into SaleLineItem (SaleID, ProductID, Quantity) values (21, 3, 5);
insert into SaleLineItem (SaleID, ProductID, Quantity) values (97, 5, 7);
insert into SaleLineItem (SaleID, ProductID, Quantity) values (175, 1, 8);
insert into SaleLineItem (SaleID, ProductID, Quantity) values (15, 8, 17);
insert into SaleLineItem (SaleID, ProductID, Quantity) values (188, 11, 16);
insert into SaleLineItem (SaleID, ProductID, Quantity) values (24, 1, 12);
insert into SaleLineItem (SaleID, ProductID, Quantity) values (20, 6, 11);
insert into SaleLineItem (SaleID, ProductID, Quantity) values (111, 14, 5);
insert into SaleLineItem (SaleID, ProductID, Quantity) values (75, 10, 17);
insert into SaleLineItem (SaleID, ProductID, Quantity) values (15, 10, 7);
insert into SaleLineItem (SaleID, ProductID, Quantity) values (138, 8, 10);
insert into SaleLineItem (SaleID, ProductID, Quantity) values (115, 13, 15);
insert into SaleLineItem (SaleID, ProductID, Quantity) values (273, 14, 9);
insert into SaleLineItem (SaleID, ProductID, Quantity) values (147, 13, 4);
insert into SaleLineItem (SaleID, ProductID, Quantity) values (179, 13, 3);
insert into SaleLineItem (SaleID, ProductID, Quantity) values (175, 1, 16);
insert into SaleLineItem (SaleID, ProductID, Quantity) values (24, 2, 14);
insert into SaleLineItem (SaleID, ProductID, Quantity) values (175, 8, 17);
insert into SaleLineItem (SaleID, ProductID, Quantity) values (193, 7, 4);
insert into SaleLineItem (SaleID, ProductID, Quantity) values (250, 7, 13);
insert into SaleLineItem (SaleID, ProductID, Quantity) values (132, 7, 3);
insert into SaleLineItem (SaleID, ProductID, Quantity) values (219, 4, 12);
insert into SaleLineItem (SaleID, ProductID, Quantity) values (280, 5, 8);
insert into SaleLineItem (SaleID, ProductID, Quantity) values (182, 6, 8);
insert into SaleLineItem (SaleID, ProductID, Quantity) values (67, 6, 12);
insert into SaleLineItem (SaleID, ProductID, Quantity) values (155, 1, 4);
insert into SaleLineItem (SaleID, ProductID, Quantity) values (6, 15, 16);
insert into SaleLineItem (SaleID, ProductID, Quantity) values (28, 5, 7);
insert into SaleLineItem (SaleID, ProductID, Quantity) values (142, 8, 15);
insert into SaleLineItem (SaleID, ProductID, Quantity) values (215, 8, 12);
insert into SaleLineItem (SaleID, ProductID, Quantity) values (250, 10, 17);
insert into SaleLineItem (SaleID, ProductID, Quantity) values (285, 2, 16);
insert into SaleLineItem (SaleID, ProductID, Quantity) values (52, 9, 3);
insert into SaleLineItem (SaleID, ProductID, Quantity) values (7, 15, 10);
insert into SaleLineItem (SaleID, ProductID, Quantity) values (85, 15, 9);
insert into SaleLineItem (SaleID, ProductID, Quantity) values (12, 13, 15);
insert into SaleLineItem (SaleID, ProductID, Quantity) values (242, 6, 12);
insert into SaleLineItem (SaleID, ProductID, Quantity) values (67, 8, 18);
insert into SaleLineItem (SaleID, ProductID, Quantity) values (268, 8, 13);
insert into SaleLineItem (SaleID, ProductID, Quantity) values (215, 5, 16);
insert into SaleLineItem (SaleID, ProductID, Quantity) values (10, 4, 3);
insert into SaleLineItem (SaleID, ProductID, Quantity) values (50, 8, 18);
insert into SaleLineItem (SaleID, ProductID, Quantity) values (210, 2, 9);
insert into SaleLineItem (SaleID, ProductID, Quantity) values (91, 1, 5);
insert into SaleLineItem (SaleID, ProductID, Quantity) values (120, 1, 2);
insert into SaleLineItem (SaleID, ProductID, Quantity) values (224, 6, 13);
insert into SaleLineItem (SaleID, ProductID, Quantity) values (74, 4, 18);
insert into SaleLineItem (SaleID, ProductID, Quantity) values (148, 5, 12);
insert into SaleLineItem (SaleID, ProductID, Quantity) values (108, 14, 17);
insert into SaleLineItem (SaleID, ProductID, Quantity) values (270, 15, 13);
insert into SaleLineItem (SaleID, ProductID, Quantity) values (117, 7, 12);
insert into SaleLineItem (SaleID, ProductID, Quantity) values (18, 9, 15);
insert into SaleLineItem (SaleID, ProductID, Quantity) values (146, 9, 10);
insert into SaleLineItem (SaleID, ProductID, Quantity) values (297, 9, 9);
insert into SaleLineItem (SaleID, ProductID, Quantity) values (122, 14, 1);
insert into SaleLineItem (SaleID, ProductID, Quantity) values (139, 11, 3);
insert into SaleLineItem (SaleID, ProductID, Quantity) values (22, 9, 3);
insert into SaleLineItem (SaleID, ProductID, Quantity) values (50, 1, 16);
insert into SaleLineItem (SaleID, ProductID, Quantity) values (236, 13, 15);
insert into SaleLineItem (SaleID, ProductID, Quantity) values (86, 2, 11);
insert into SaleLineItem (SaleID, ProductID, Quantity) values (79, 4, 2);
insert into SaleLineItem (SaleID, ProductID, Quantity) values (225, 15, 11);
insert into SaleLineItem (SaleID, ProductID, Quantity) values (8, 14, 5);
insert into SaleLineItem (SaleID, ProductID, Quantity) values (131, 14, 8);
insert into SaleLineItem (SaleID, ProductID, Quantity) values (146, 7, 8);
insert into SaleLineItem (SaleID, ProductID, Quantity) values (216, 10, 3);
insert into SaleLineItem (SaleID, ProductID, Quantity) values (203, 13, 12);
insert into SaleLineItem (SaleID, ProductID, Quantity) values (161, 11, 12);
insert into SaleLineItem (SaleID, ProductID, Quantity) values (177, 10, 15);
insert into SaleLineItem (SaleID, ProductID, Quantity) values (139, 6, 1);
insert into SaleLineItem (SaleID, ProductID, Quantity) values (245, 7, 11);
insert into SaleLineItem (SaleID, ProductID, Quantity) values (298, 9, 7);
insert into SaleLineItem (SaleID, ProductID, Quantity) values (107, 15, 13);
insert into SaleLineItem (SaleID, ProductID, Quantity) values (81, 8, 18);
insert into SaleLineItem (SaleID, ProductID, Quantity) values (35, 9, 2);
insert into SaleLineItem (SaleID, ProductID, Quantity) values (139, 13, 3);
insert into SaleLineItem (SaleID, ProductID, Quantity) values (198, 12, 6);
insert into SaleLineItem (SaleID, ProductID, Quantity) values (79, 10, 14);
insert into SaleLineItem (SaleID, ProductID, Quantity) values (102, 2, 10);
insert into SaleLineItem (SaleID, ProductID, Quantity) values (208, 14, 3);
insert into SaleLineItem (SaleID, ProductID, Quantity) values (284, 11, 12);
insert into SaleLineItem (SaleID, ProductID, Quantity) values (297, 2, 17);
insert into SaleLineItem (SaleID, ProductID, Quantity) values (205, 6, 9);
insert into SaleLineItem (SaleID, ProductID, Quantity) values (240, 8, 8);
insert into SaleLineItem (SaleID, ProductID, Quantity) values (39, 7, 6);
insert into SaleLineItem (SaleID, ProductID, Quantity) values (4, 12, 10);
insert into SaleLineItem (SaleID, ProductID, Quantity) values (214, 9, 1);
insert into SaleLineItem (SaleID, ProductID, Quantity) values (78, 8, 10);
insert into SaleLineItem (SaleID, ProductID, Quantity) values (292, 15, 18);
insert into SaleLineItem (SaleID, ProductID, Quantity) values (47, 11, 13);
insert into SaleLineItem (SaleID, ProductID, Quantity) values (100, 4, 12);
insert into SaleLineItem (SaleID, ProductID, Quantity) values (3, 8, 1);
insert into SaleLineItem (SaleID, ProductID, Quantity) values (272, 3, 1);
insert into SaleLineItem (SaleID, ProductID, Quantity) values (239, 4, 6);
insert into SaleLineItem (SaleID, ProductID, Quantity) values (160, 10, 18);
insert into SaleLineItem (SaleID, ProductID, Quantity) values (73, 2, 8);
insert into SaleLineItem (SaleID, ProductID, Quantity) values (257, 6, 8);
insert into SaleLineItem (SaleID, ProductID, Quantity) values (83, 13, 16);
insert into SaleLineItem (SaleID, ProductID, Quantity) values (80, 7, 16);
insert into SaleLineItem (SaleID, ProductID, Quantity) values (229, 11, 10);
insert into SaleLineItem (SaleID, ProductID, Quantity) values (30, 5, 11);
insert into SaleLineItem (SaleID, ProductID, Quantity) values (89, 5, 4);

-- -----------------------------------------------------
-- Table `UnitOfMeasure`
-- -----------------------------------------------------
insert into UnitOfMeasure (Name) values ('Gallon');
insert into UnitOfMeasure (Name) values ('Pound');
insert into UnitOfMeasure (Name) values ('Pint');
insert into UnitOfMeasure (Name) values ('Cup');
insert into UnitOfMeasure (Name) values ('Tablespoon');
insert into UnitOfMeasure (Name) values ('Teaspoon');
insert into UnitOfMeasure (Name) values ('Dozen');
insert into UnitOfMeasure (Name) values ('Ounce');
insert into UnitOfMeasure (Name) values ('Quart');
insert into UnitOfMeasure (Name) values ('Bushel');


-- -----------------------------------------------------
-- Table `Ingredient`
-- -----------------------------------------------------
insert into Ingredient (UnitOfMeasureID, Name) values (1, 'Milk');
insert into Ingredient (UnitOfMeasureID, Name) values (2, 'Flour');
insert into Ingredient (UnitOfMeasureID, Name) values (2, 'Butter');
insert into Ingredient (UnitOfMeasureID, Name) values (7, 'Eggs');
insert into Ingredient (UnitOfMeasureID, Name) values (8, 'Cinnamon');
insert into Ingredient (UnitOfMeasureID, Name) values (8, 'Nutmeg');
insert into Ingredient (UnitOfMeasureID, Name) values (8, 'Ginger');
insert into Ingredient (UnitOfMeasureID, Name) values (2, 'Chocolate');
insert into Ingredient (UnitOfMeasureID, Name) values (4, 'Cocoa');
insert into Ingredient (UnitOfMeasureID, Name) values (1, 'Cream');
insert into Ingredient (UnitOfMeasureID, Name) values (10, 'Apples');
insert into Ingredient (UnitOfMeasureID, Name) values (4, 'Baking Powder');
insert into Ingredient (UnitOfMeasureID, Name) values (4, 'Baking Soda');
insert into Ingredient (UnitOfMeasureID, Name) values (2, 'Cornmeal');
insert into Ingredient (UnitOfMeasureID, Name) values (2, 'Sugar');


-- -----------------------------------------------------
-- Table `IngredientRecipe`
-- -----------------------------------------------------
insert into IngredientRecipe (RecipeID, UnitOfMeasureID, IngredientID, Quantity) values (2, 2, 2, 7);
insert into IngredientRecipe (RecipeID, UnitOfMeasureID, IngredientID, Quantity) values (4, 2, 2, 5);
insert into IngredientRecipe (RecipeID, UnitOfMeasureID, IngredientID, Quantity) values (4, 8, 12, 8);
insert into IngredientRecipe (RecipeID, UnitOfMeasureID, IngredientID, Quantity) values (4, 8, 5, 12);
insert into IngredientRecipe (RecipeID, UnitOfMeasureID, IngredientID, Quantity) values (4, 4, 15, 15);
insert into IngredientRecipe (RecipeID, UnitOfMeasureID, IngredientID, Quantity) values (14, 4, 15, 12);
insert into IngredientRecipe (RecipeID, UnitOfMeasureID, IngredientID, Quantity) values (15, 4, 15, 13);
insert into IngredientRecipe (RecipeID, UnitOfMeasureID, IngredientID, Quantity) values (8, 4, 15, 9);
insert into IngredientRecipe (RecipeID, UnitOfMeasureID, IngredientID, Quantity) values (14, 1, 1, 1);
insert into IngredientRecipe (RecipeID, UnitOfMeasureID, IngredientID, Quantity) values (14, 5, 13, 9);
insert into IngredientRecipe (RecipeID, UnitOfMeasureID, IngredientID, Quantity) values (7, 5, 15, 9);
insert into IngredientRecipe (RecipeID, UnitOfMeasureID, IngredientID, Quantity) values (7, 5, 13, 9);
insert into IngredientRecipe (RecipeID, UnitOfMeasureID, IngredientID, Quantity) values (7, 5, 12, 5);
insert into IngredientRecipe (RecipeID, UnitOfMeasureID, IngredientID, Quantity) values (14, 5, 5, 2);
insert into IngredientRecipe (RecipeID, UnitOfMeasureID, IngredientID, Quantity) values (18, 5, 5, 2);


-- -----------------------------------------------------
-- Table `Vendor`
-- -----------------------------------------------------
insert into Vendor (Name) values ('Dursley Dairies');
insert into Vendor (Name) values ('Freemont Dairy Farm');
insert into Vendor (Name) values ('Greenville Grainery');
insert into Vendor (Name) values ('Northwood Farms');
insert into Vendor (Name) values ('Nature Valley Foods');
insert into Vendor (Name) values ('Edmunton Fine Foods');
insert into Vendor (Name) values ('Amish Acres');
insert into Vendor (Name) values ('Geneva Orchards');
insert into Vendor (Name) values ('Monroe Falls Mill');
insert into Vendor (Name) values ('Centerville Creamery');

-- -----------------------------------------------------
-- Table `Order`
-- -----------------------------------------------------

insert into `Order` (EmployeeID, VendorID, Date) values (20, 10, '2018-02-26');
insert into `Order` (EmployeeID, VendorID, Date) values (18, 9, '2018-02-25');
insert into `Order` (EmployeeID, VendorID, Date) values (7, 7, '2018-02-02');
insert into `Order` (EmployeeID, VendorID, Date) values (30, 8, '2018-03-17');
insert into `Order` (EmployeeID, VendorID, Date) values (22, 2, '2018-03-07');
insert into `Order` (EmployeeID, VendorID, Date) values (27, 2, '2018-01-17');
insert into `Order` (EmployeeID, VendorID, Date) values (33, 4, '2018-03-22');
insert into `Order` (EmployeeID, VendorID, Date) values (8, 5, '2018-02-26');
insert into `Order` (EmployeeID, VendorID, Date) values (29, 3, '2018-01-06');
insert into `Order` (EmployeeID, VendorID, Date) values (35, 6, '2018-02-21');
insert into `Order` (EmployeeID, VendorID, Date) values (24, 3, '2018-03-10');
insert into `Order` (EmployeeID, VendorID, Date) values (14, 1, '2018-02-02');
insert into `Order` (EmployeeID, VendorID, Date) values (20, 9, '2018-03-28');
insert into `Order` (EmployeeID, VendorID, Date) values (13, 6, '2018-03-15');
insert into `Order` (EmployeeID, VendorID, Date) values (29, 4, '2018-01-22');
insert into `Order` (EmployeeID, VendorID, Date) values (18, 6, '2018-03-28');
insert into `Order` (EmployeeID, VendorID, Date) values (2, 9, '2018-02-07');
insert into `Order` (EmployeeID, VendorID, Date) values (14, 6, '2018-03-11');
insert into `Order` (EmployeeID, VendorID, Date) values (17, 8, '2018-03-23');
insert into `Order` (EmployeeID, VendorID, Date) values (21, 8, '2018-03-02');
insert into `Order` (EmployeeID, VendorID, Date) values (15, 3, '2018-03-02');
insert into `Order` (EmployeeID, VendorID, Date) values (17, 10, '2018-03-07');
insert into `Order` (EmployeeID, VendorID, Date) values (12, 2, '2018-03-28');
insert into `Order` (EmployeeID, VendorID, Date) values (25, 8, '2018-03-04');
insert into `Order` (EmployeeID, VendorID, Date) values (20, 3, '2018-01-20');
insert into `Order` (EmployeeID, VendorID, Date) values (7, 8, '2018-03-20');
insert into `Order` (EmployeeID, VendorID, Date) values (21, 1, '2018-01-15');
insert into `Order` (EmployeeID, VendorID, Date) values (32, 5, '2018-01-31');
insert into `Order` (EmployeeID, VendorID, Date) values (4, 7, '2018-03-04');
insert into `Order` (EmployeeID, VendorID, Date) values (1, 1, '2018-02-04');
insert into `Order` (EmployeeID, VendorID, Date) values (31, 5, '2018-03-19');
insert into `Order` (EmployeeID, VendorID, Date) values (30, 8, '2018-03-14');
insert into `Order` (EmployeeID, VendorID, Date) values (14, 9, '2018-02-22');
insert into `Order` (EmployeeID, VendorID, Date) values (30, 3, '2018-03-24');
insert into `Order` (EmployeeID, VendorID, Date) values (34, 7, '2018-03-14');
insert into `Order` (EmployeeID, VendorID, Date) values (18, 1, '2018-01-09');
insert into `Order` (EmployeeID, VendorID, Date) values (22, 3, '2018-01-31');
insert into `Order` (EmployeeID, VendorID, Date) values (31, 9, '2018-02-04');
insert into `Order` (EmployeeID, VendorID, Date) values (19, 5, '2018-02-11');
insert into `Order` (EmployeeID, VendorID, Date) values (10, 10, '2018-03-20');
insert into `Order` (EmployeeID, VendorID, Date) values (34, 2, '2018-01-08');
insert into `Order` (EmployeeID, VendorID, Date) values (21, 2, '2018-01-25');
insert into `Order` (EmployeeID, VendorID, Date) values (21, 3, '2018-02-02');
insert into `Order` (EmployeeID, VendorID, Date) values (21, 6, '2018-03-20');
insert into `Order` (EmployeeID, VendorID, Date) values (2, 7, '2018-02-28');
insert into `Order` (EmployeeID, VendorID, Date) values (23, 4, '2018-01-30');
insert into `Order` (EmployeeID, VendorID, Date) values (13, 7, '2018-02-02');
insert into `Order` (EmployeeID, VendorID, Date) values (16, 7, '2018-01-11');
insert into `Order` (EmployeeID, VendorID, Date) values (26, 4, '2018-01-03');
insert into `Order` (EmployeeID, VendorID, Date) values (29, 9, '2018-03-29');
insert into `Order` (EmployeeID, VendorID, Date) values (25, 9, '2018-03-27');
insert into `Order` (EmployeeID, VendorID, Date) values (26, 6, '2018-02-27');
insert into `Order` (EmployeeID, VendorID, Date) values (15, 8, '2018-02-14');
insert into `Order` (EmployeeID, VendorID, Date) values (24, 5, '2018-01-20');
insert into `Order` (EmployeeID, VendorID, Date) values (2, 2, '2018-01-08');
insert into `Order` (EmployeeID, VendorID, Date) values (23, 7, '2018-03-14');
insert into `Order` (EmployeeID, VendorID, Date) values (17, 9, '2018-03-18');
insert into `Order` (EmployeeID, VendorID, Date) values (10, 8, '2018-03-02');
insert into `Order` (EmployeeID, VendorID, Date) values (30, 10, '2018-01-30');
insert into `Order` (EmployeeID, VendorID, Date) values (21, 3, '2018-03-30');
insert into `Order` (EmployeeID, VendorID, Date) values (10, 2, '2018-01-07');
insert into `Order` (EmployeeID, VendorID, Date) values (1, 1, '2018-03-14');
insert into `Order` (EmployeeID, VendorID, Date) values (11, 5, '2018-02-12');
insert into `Order` (EmployeeID, VendorID, Date) values (19, 8, '2018-03-08');
insert into `Order` (EmployeeID, VendorID, Date) values (25, 7, '2018-03-14');
insert into `Order` (EmployeeID, VendorID, Date) values (25, 10, '2018-02-06');
insert into `Order` (EmployeeID, VendorID, Date) values (30, 7, '2018-02-18');
insert into `Order` (EmployeeID, VendorID, Date) values (33, 5, '2018-01-18');
insert into `Order` (EmployeeID, VendorID, Date) values (14, 4, '2018-01-12');
insert into `Order` (EmployeeID, VendorID, Date) values (12, 8, '2018-01-05');
insert into `Order` (EmployeeID, VendorID, Date) values (14, 2, '2018-01-24');
insert into `Order` (EmployeeID, VendorID, Date) values (35, 9, '2018-01-01');
insert into `Order` (EmployeeID, VendorID, Date) values (30, 9, '2018-02-13');
insert into `Order` (EmployeeID, VendorID, Date) values (4, 5, '2018-02-17');
insert into `Order` (EmployeeID, VendorID, Date) values (5, 7, '2018-01-28');
insert into `Order` (EmployeeID, VendorID, Date) values (28, 6, '2018-03-23');
insert into `Order` (EmployeeID, VendorID, Date) values (29, 6, '2018-02-20');
insert into `Order` (EmployeeID, VendorID, Date) values (14, 8, '2018-03-17');
insert into `Order` (EmployeeID, VendorID, Date) values (30, 9, '2018-02-03');
insert into `Order` (EmployeeID, VendorID, Date) values (1, 8, '2018-01-26');
insert into `Order` (EmployeeID, VendorID, Date) values (33, 3, '2018-01-22');
insert into `Order` (EmployeeID, VendorID, Date) values (25, 5, '2018-01-08');
insert into `Order` (EmployeeID, VendorID, Date) values (32, 10, '2018-03-25');
insert into `Order` (EmployeeID, VendorID, Date) values (33, 7, '2018-01-07');
insert into `Order` (EmployeeID, VendorID, Date) values (5, 1, '2018-03-12');
insert into `Order` (EmployeeID, VendorID, Date) values (10, 2, '2018-02-08');
insert into `Order` (EmployeeID, VendorID, Date) values (4, 6, '2018-01-11');
insert into `Order` (EmployeeID, VendorID, Date) values (6, 2, '2018-03-17');
insert into `Order` (EmployeeID, VendorID, Date) values (29, 2, '2018-02-06');
insert into `Order` (EmployeeID, VendorID, Date) values (34, 8, '2018-01-11');
insert into `Order` (EmployeeID, VendorID, Date) values (34, 10, '2018-01-31');
insert into `Order` (EmployeeID, VendorID, Date) values (4, 8, '2018-01-06');
insert into `Order` (EmployeeID, VendorID, Date) values (5, 5, '2018-02-21');
insert into `Order` (EmployeeID, VendorID, Date) values (9, 7, '2018-03-24');
insert into `Order` (EmployeeID, VendorID, Date) values (34, 3, '2018-01-15');
insert into `Order` (EmployeeID, VendorID, Date) values (19, 3, '2018-02-08');
insert into `Order` (EmployeeID, VendorID, Date) values (6, 5, '2018-02-07');
insert into `Order` (EmployeeID, VendorID, Date) values (23, 5, '2018-01-10');
insert into `Order` (EmployeeID, VendorID, Date) values (31, 7, '2018-03-09');
insert into `Order` (EmployeeID, VendorID, Date) values (27, 4, '2018-03-14');
insert into `Order` (EmployeeID, VendorID, Date) values (24, 3, '2018-03-18');
insert into `Order` (EmployeeID, VendorID, Date) values (24, 5, '2018-03-20');
insert into `Order` (EmployeeID, VendorID, Date) values (12, 4, '2018-03-16');
insert into `Order` (EmployeeID, VendorID, Date) values (16, 2, '2018-02-14');
insert into `Order` (EmployeeID, VendorID, Date) values (23, 9, '2018-01-08');
insert into `Order` (EmployeeID, VendorID, Date) values (21, 6, '2018-02-19');
insert into `Order` (EmployeeID, VendorID, Date) values (30, 5, '2018-02-06');
insert into `Order` (EmployeeID, VendorID, Date) values (16, 4, '2018-03-08');
insert into `Order` (EmployeeID, VendorID, Date) values (11, 5, '2018-01-15');
insert into `Order` (EmployeeID, VendorID, Date) values (5, 3, '2018-03-15');
insert into `Order` (EmployeeID, VendorID, Date) values (26, 8, '2018-01-27');
insert into `Order` (EmployeeID, VendorID, Date) values (2, 4, '2018-03-07');
insert into `Order` (EmployeeID, VendorID, Date) values (30, 9, '2018-03-04');
insert into `Order` (EmployeeID, VendorID, Date) values (25, 5, '2018-03-01');
insert into `Order` (EmployeeID, VendorID, Date) values (2, 3, '2018-03-27');
insert into `Order` (EmployeeID, VendorID, Date) values (33, 5, '2018-01-14');
insert into `Order` (EmployeeID, VendorID, Date) values (2, 7, '2018-03-26');
insert into `Order` (EmployeeID, VendorID, Date) values (18, 5, '2018-02-08');
insert into `Order` (EmployeeID, VendorID, Date) values (13, 10, '2018-01-28');
insert into `Order` (EmployeeID, VendorID, Date) values (35, 10, '2018-03-28');
insert into `Order` (EmployeeID, VendorID, Date) values (18, 10, '2018-02-24');
insert into `Order` (EmployeeID, VendorID, Date) values (4, 3, '2018-03-23');
insert into `Order` (EmployeeID, VendorID, Date) values (34, 7, '2018-01-08');
insert into `Order` (EmployeeID, VendorID, Date) values (7, 9, '2018-03-06');
insert into `Order` (EmployeeID, VendorID, Date) values (28, 10, '2018-03-15');
insert into `Order` (EmployeeID, VendorID, Date) values (7, 5, '2018-03-12');
insert into `Order` (EmployeeID, VendorID, Date) values (17, 2, '2018-02-24');
insert into `Order` (EmployeeID, VendorID, Date) values (24, 9, '2018-03-01');
insert into `Order` (EmployeeID, VendorID, Date) values (26, 3, '2018-01-11');
insert into `Order` (EmployeeID, VendorID, Date) values (16, 4, '2018-03-13');
insert into `Order` (EmployeeID, VendorID, Date) values (34, 3, '2018-02-19');
insert into `Order` (EmployeeID, VendorID, Date) values (26, 3, '2018-01-20');
insert into `Order` (EmployeeID, VendorID, Date) values (29, 5, '2018-02-24');
insert into `Order` (EmployeeID, VendorID, Date) values (29, 9, '2018-02-27');
insert into `Order` (EmployeeID, VendorID, Date) values (13, 8, '2018-03-05');
insert into `Order` (EmployeeID, VendorID, Date) values (1, 2, '2018-02-28');
insert into `Order` (EmployeeID, VendorID, Date) values (28, 1, '2018-02-24');
insert into `Order` (EmployeeID, VendorID, Date) values (19, 4, '2018-03-09');
insert into `Order` (EmployeeID, VendorID, Date) values (33, 5, '2018-01-05');
insert into `Order` (EmployeeID, VendorID, Date) values (9, 7, '2018-03-01');
insert into `Order` (EmployeeID, VendorID, Date) values (19, 5, '2018-03-20');
insert into `Order` (EmployeeID, VendorID, Date) values (23, 9, '2018-03-27');
insert into `Order` (EmployeeID, VendorID, Date) values (26, 3, '2018-01-29');
insert into `Order` (EmployeeID, VendorID, Date) values (9, 6, '2018-01-02');
insert into `Order` (EmployeeID, VendorID, Date) values (4, 9, '2018-01-12');
insert into `Order` (EmployeeID, VendorID, Date) values (11, 9, '2018-01-21');
insert into `Order` (EmployeeID, VendorID, Date) values (9, 4, '2018-03-26');
insert into `Order` (EmployeeID, VendorID, Date) values (30, 1, '2018-02-18');
insert into `Order` (EmployeeID, VendorID, Date) values (29, 6, '2018-01-18');
insert into `Order` (EmployeeID, VendorID, Date) values (33, 10, '2018-02-11');
insert into `Order` (EmployeeID, VendorID, Date) values (1, 3, '2018-01-10');
insert into `Order` (EmployeeID, VendorID, Date) values (29, 4, '2018-01-21');
insert into `Order` (EmployeeID, VendorID, Date) values (23, 10, '2018-03-26');
insert into `Order` (EmployeeID, VendorID, Date) values (25, 6, '2018-01-15');
insert into `Order` (EmployeeID, VendorID, Date) values (16, 7, '2018-03-21');
insert into `Order` (EmployeeID, VendorID, Date) values (25, 9, '2018-03-13');
insert into `Order` (EmployeeID, VendorID, Date) values (5, 7, '2018-03-10');
insert into `Order` (EmployeeID, VendorID, Date) values (28, 2, '2018-02-25');
insert into `Order` (EmployeeID, VendorID, Date) values (33, 1, '2018-03-17');
insert into `Order` (EmployeeID, VendorID, Date) values (26, 4, '2018-02-28');
insert into `Order` (EmployeeID, VendorID, Date) values (17, 10, '2018-03-21');
insert into `Order` (EmployeeID, VendorID, Date) values (2, 2, '2018-03-26');
insert into `Order` (EmployeeID, VendorID, Date) values (31, 4, '2018-03-19');
insert into `Order` (EmployeeID, VendorID, Date) values (4, 8, '2018-02-15');
insert into `Order` (EmployeeID, VendorID, Date) values (32, 6, '2018-02-15');
insert into `Order` (EmployeeID, VendorID, Date) values (35, 10, '2018-02-09');
insert into `Order` (EmployeeID, VendorID, Date) values (3, 1, '2018-03-01');
insert into `Order` (EmployeeID, VendorID, Date) values (27, 2, '2018-01-31');
insert into `Order` (EmployeeID, VendorID, Date) values (8, 2, '2018-02-25');
insert into `Order` (EmployeeID, VendorID, Date) values (26, 6, '2018-01-14');
insert into `Order` (EmployeeID, VendorID, Date) values (11, 9, '2018-02-04');
insert into `Order` (EmployeeID, VendorID, Date) values (6, 6, '2018-01-15');
insert into `Order` (EmployeeID, VendorID, Date) values (21, 2, '2018-01-11');
insert into `Order` (EmployeeID, VendorID, Date) values (2, 7, '2018-02-01');
insert into `Order` (EmployeeID, VendorID, Date) values (6, 1, '2018-03-24');
insert into `Order` (EmployeeID, VendorID, Date) values (20, 9, '2018-01-07');
insert into `Order` (EmployeeID, VendorID, Date) values (31, 5, '2018-03-16');
insert into `Order` (EmployeeID, VendorID, Date) values (28, 9, '2018-02-26');
insert into `Order` (EmployeeID, VendorID, Date) values (25, 3, '2018-01-14');
insert into `Order` (EmployeeID, VendorID, Date) values (8, 9, '2018-01-20');
insert into `Order` (EmployeeID, VendorID, Date) values (22, 4, '2018-03-22');
insert into `Order` (EmployeeID, VendorID, Date) values (4, 8, '2018-01-26');
insert into `Order` (EmployeeID, VendorID, Date) values (7, 9, '2018-01-07');
insert into `Order` (EmployeeID, VendorID, Date) values (7, 7, '2018-01-03');
insert into `Order` (EmployeeID, VendorID, Date) values (32, 3, '2018-03-09');
insert into `Order` (EmployeeID, VendorID, Date) values (3, 10, '2018-03-17');
insert into `Order` (EmployeeID, VendorID, Date) values (6, 3, '2018-02-19');
insert into `Order` (EmployeeID, VendorID, Date) values (24, 6, '2018-03-19');
insert into `Order` (EmployeeID, VendorID, Date) values (22, 1, '2018-02-26');
insert into `Order` (EmployeeID, VendorID, Date) values (19, 1, '2018-02-16');
insert into `Order` (EmployeeID, VendorID, Date) values (6, 8, '2018-01-11');
insert into `Order` (EmployeeID, VendorID, Date) values (30, 5, '2018-01-29');
insert into `Order` (EmployeeID, VendorID, Date) values (30, 5, '2018-03-14');
insert into `Order` (EmployeeID, VendorID, Date) values (29, 5, '2018-01-13');
insert into `Order` (EmployeeID, VendorID, Date) values (15, 3, '2018-02-03');
insert into `Order` (EmployeeID, VendorID, Date) values (3, 6, '2018-03-26');
insert into `Order` (EmployeeID, VendorID, Date) values (19, 4, '2018-02-24');
insert into `Order` (EmployeeID, VendorID, Date) values (34, 7, '2018-01-31');
insert into `Order` (EmployeeID, VendorID, Date) values (6, 10, '2018-02-18');

-- -----------------------------------------------------
-- Table `OrderLineItem`
-- -----------------------------------------------------

insert into OrderLineItem (OrderID, IngredientID, Quantity, Price, UnitOfMeasureID) values (190, 14, 11.0, 1.16, 10);
insert into OrderLineItem (OrderID, IngredientID, Quantity, Price, UnitOfMeasureID) values (81, 5, 2.5, 2.54, 7);
insert into OrderLineItem (OrderID, IngredientID, Quantity, Price, UnitOfMeasureID) values (23, 1, 4.4, 3.63, 6);
insert into OrderLineItem (OrderID, IngredientID, Quantity, Price, UnitOfMeasureID) values (190, 13, 16.5, 2.35, 2);
insert into OrderLineItem (OrderID, IngredientID, Quantity, Price, UnitOfMeasureID) values (155, 8, 2.5, 2.18, 5);
insert into OrderLineItem (OrderID, IngredientID, Quantity, Price, UnitOfMeasureID) values (29, 1, 10.6, 2.74, 3);
insert into OrderLineItem (OrderID, IngredientID, Quantity, Price, UnitOfMeasureID) values (107, 4, 14.8, 2.89, 6);
insert into OrderLineItem (OrderID, IngredientID, Quantity, Price, UnitOfMeasureID) values (101, 6, 16.0, 3.96, 6);
insert into OrderLineItem (OrderID, IngredientID, Quantity, Price, UnitOfMeasureID) values (185, 14, 14.6, 3.04, 2);
insert into OrderLineItem (OrderID, IngredientID, Quantity, Price, UnitOfMeasureID) values (199, 1, 5.0, 3.71, 8);
insert into OrderLineItem (OrderID, IngredientID, Quantity, Price, UnitOfMeasureID) values (49, 4, 3.8, 2.93, 2);
insert into OrderLineItem (OrderID, IngredientID, Quantity, Price, UnitOfMeasureID) values (64, 8, 20.0, 1.97, 9);
insert into OrderLineItem (OrderID, IngredientID, Quantity, Price, UnitOfMeasureID) values (152, 7, 5.1, 4.35, 4);
insert into OrderLineItem (OrderID, IngredientID, Quantity, Price, UnitOfMeasureID) values (79, 11, 15.0, 3.1, 1);
insert into OrderLineItem (OrderID, IngredientID, Quantity, Price, UnitOfMeasureID) values (7, 11, 8.6, 1.58, 7);
insert into OrderLineItem (OrderID, IngredientID, Quantity, Price, UnitOfMeasureID) values (160, 9, 1.2, 2.68, 9);
insert into OrderLineItem (OrderID, IngredientID, Quantity, Price, UnitOfMeasureID) values (186, 8, 11.6, 4.14, 8);
insert into OrderLineItem (OrderID, IngredientID, Quantity, Price, UnitOfMeasureID) values (176, 11, 14.2, 4.73, 10);
insert into OrderLineItem (OrderID, IngredientID, Quantity, Price, UnitOfMeasureID) values (31, 12, 11.6, 2.97, 5);
insert into OrderLineItem (OrderID, IngredientID, Quantity, Price, UnitOfMeasureID) values (42, 4, 10.7, 0.68, 3);
insert into OrderLineItem (OrderID, IngredientID, Quantity, Price, UnitOfMeasureID) values (7, 1, 10.5, 3.69, 2);
insert into OrderLineItem (OrderID, IngredientID, Quantity, Price, UnitOfMeasureID) values (107, 11, 5.2, 1.71, 10);
insert into OrderLineItem (OrderID, IngredientID, Quantity, Price, UnitOfMeasureID) values (28, 10, 18.0, 2.93, 5);
insert into OrderLineItem (OrderID, IngredientID, Quantity, Price, UnitOfMeasureID) values (76, 1, 10.2, 4.95, 2);
insert into OrderLineItem (OrderID, IngredientID, Quantity, Price, UnitOfMeasureID) values (133, 3, 10.7, 3.28, 10);
insert into OrderLineItem (OrderID, IngredientID, Quantity, Price, UnitOfMeasureID) values (2, 4, 14.1, 2.05, 9);
insert into OrderLineItem (OrderID, IngredientID, Quantity, Price, UnitOfMeasureID) values (40, 9, 2.6, 1.78, 4);
insert into OrderLineItem (OrderID, IngredientID, Quantity, Price, UnitOfMeasureID) values (143, 14, 13.9, 1.32, 10);
insert into OrderLineItem (OrderID, IngredientID, Quantity, Price, UnitOfMeasureID) values (44, 2, 3.4, 3.76, 3);
insert into OrderLineItem (OrderID, IngredientID, Quantity, Price, UnitOfMeasureID) values (79, 2, 11.7, 1.28, 5);
insert into OrderLineItem (OrderID, IngredientID, Quantity, Price, UnitOfMeasureID) values (157, 12, 2.4, 3.29, 7);
insert into OrderLineItem (OrderID, IngredientID, Quantity, Price, UnitOfMeasureID) values (122, 9, 16.2, 4.74, 6);
insert into OrderLineItem (OrderID, IngredientID, Quantity, Price, UnitOfMeasureID) values (134, 8, 5.2, 3.49, 1);
insert into OrderLineItem (OrderID, IngredientID, Quantity, Price, UnitOfMeasureID) values (173, 10, 12.3, 4.85, 2);
insert into OrderLineItem (OrderID, IngredientID, Quantity, Price, UnitOfMeasureID) values (160, 14, 14.1, 2.61, 6);
insert into OrderLineItem (OrderID, IngredientID, Quantity, Price, UnitOfMeasureID) values (60, 15, 6.8, 4.24, 2);
insert into OrderLineItem (OrderID, IngredientID, Quantity, Price, UnitOfMeasureID) values (23, 5, 1.4, 3.66, 9);
insert into OrderLineItem (OrderID, IngredientID, Quantity, Price, UnitOfMeasureID) values (11, 7, 11.9, 4.77, 8);
insert into OrderLineItem (OrderID, IngredientID, Quantity, Price, UnitOfMeasureID) values (111, 15, 14.2, 3.66, 10);
insert into OrderLineItem (OrderID, IngredientID, Quantity, Price, UnitOfMeasureID) values (185, 1, 4.0, 4.46, 7);
insert into OrderLineItem (OrderID, IngredientID, Quantity, Price, UnitOfMeasureID) values (169, 1, 4.8, 2.19, 4);
insert into OrderLineItem (OrderID, IngredientID, Quantity, Price, UnitOfMeasureID) values (137, 1, 4.6, 1.97, 10);
insert into OrderLineItem (OrderID, IngredientID, Quantity, Price, UnitOfMeasureID) values (69, 4, 17.3, 4.98, 5);
insert into OrderLineItem (OrderID, IngredientID, Quantity, Price, UnitOfMeasureID) values (179, 10, 12.8, 3.72, 9);
insert into OrderLineItem (OrderID, IngredientID, Quantity, Price, UnitOfMeasureID) values (73, 2, 14.5, 3.4, 4);
insert into OrderLineItem (OrderID, IngredientID, Quantity, Price, UnitOfMeasureID) values (78, 13, 16.9, 4.39, 9);
insert into OrderLineItem (OrderID, IngredientID, Quantity, Price, UnitOfMeasureID) values (7, 13, 9.7, 4.22, 8);
insert into OrderLineItem (OrderID, IngredientID, Quantity, Price, UnitOfMeasureID) values (35, 9, 4.0, 2.35, 1);
insert into OrderLineItem (OrderID, IngredientID, Quantity, Price, UnitOfMeasureID) values (155, 7, 16.6, 2.02, 10);
insert into OrderLineItem (OrderID, IngredientID, Quantity, Price, UnitOfMeasureID) values (28, 6, 19.8, 4.8, 5);
insert into OrderLineItem (OrderID, IngredientID, Quantity, Price, UnitOfMeasureID) values (44, 15, 12.1, 4.17, 6);
insert into OrderLineItem (OrderID, IngredientID, Quantity, Price, UnitOfMeasureID) values (122, 8, 14.3, 2.7, 7);
insert into OrderLineItem (OrderID, IngredientID, Quantity, Price, UnitOfMeasureID) values (58, 13, 16.4, 4.39, 6);
insert into OrderLineItem (OrderID, IngredientID, Quantity, Price, UnitOfMeasureID) values (4, 2, 14.2, 2.13, 8);
insert into OrderLineItem (OrderID, IngredientID, Quantity, Price, UnitOfMeasureID) values (72, 3, 4.8, 4.57, 9);
insert into OrderLineItem (OrderID, IngredientID, Quantity, Price, UnitOfMeasureID) values (130, 7, 18.6, 1.32, 8);
insert into OrderLineItem (OrderID, IngredientID, Quantity, Price, UnitOfMeasureID) values (80, 15, 2.6, 3.96, 4);
insert into OrderLineItem (OrderID, IngredientID, Quantity, Price, UnitOfMeasureID) values (103, 1, 18.4, 3.55, 9);
insert into OrderLineItem (OrderID, IngredientID, Quantity, Price, UnitOfMeasureID) values (127, 10, 13.3, 2.72, 1);
insert into OrderLineItem (OrderID, IngredientID, Quantity, Price, UnitOfMeasureID) values (82, 11, 12.8, 1.73, 5);
insert into OrderLineItem (OrderID, IngredientID, Quantity, Price, UnitOfMeasureID) values (106, 6, 1.8, 4.93, 5);
insert into OrderLineItem (OrderID, IngredientID, Quantity, Price, UnitOfMeasureID) values (154, 7, 18.6, 4.85, 4);
insert into OrderLineItem (OrderID, IngredientID, Quantity, Price, UnitOfMeasureID) values (114, 3, 18.7, 3.41, 1);
insert into OrderLineItem (OrderID, IngredientID, Quantity, Price, UnitOfMeasureID) values (15, 1, 18.7, 3.6, 2);
insert into OrderLineItem (OrderID, IngredientID, Quantity, Price, UnitOfMeasureID) values (121, 3, 16.3, 3.5, 6);
insert into OrderLineItem (OrderID, IngredientID, Quantity, Price, UnitOfMeasureID) values (98, 15, 16.4, 4.86, 4);
insert into OrderLineItem (OrderID, IngredientID, Quantity, Price, UnitOfMeasureID) values (36, 15, 3.4, 1.74, 8);
insert into OrderLineItem (OrderID, IngredientID, Quantity, Price, UnitOfMeasureID) values (137, 6, 8.6, 1.0, 1);
insert into OrderLineItem (OrderID, IngredientID, Quantity, Price, UnitOfMeasureID) values (124, 8, 10.4, 2.78, 6);
insert into OrderLineItem (OrderID, IngredientID, Quantity, Price, UnitOfMeasureID) values (137, 9, 11.8, 0.72, 8);
insert into OrderLineItem (OrderID, IngredientID, Quantity, Price, UnitOfMeasureID) values (129, 15, 16.5, 2.46, 7);
insert into OrderLineItem (OrderID, IngredientID, Quantity, Price, UnitOfMeasureID) values (196, 8, 17.1, 2.6, 3);
insert into OrderLineItem (OrderID, IngredientID, Quantity, Price, UnitOfMeasureID) values (142, 1, 3.1, 4.28, 2);
insert into OrderLineItem (OrderID, IngredientID, Quantity, Price, UnitOfMeasureID) values (122, 9, 9.7, 2.42, 7);
insert into OrderLineItem (OrderID, IngredientID, Quantity, Price, UnitOfMeasureID) values (135, 3, 4.3, 4.88, 10);
insert into OrderLineItem (OrderID, IngredientID, Quantity, Price, UnitOfMeasureID) values (136, 6, 12.8, 3.08, 1);
insert into OrderLineItem (OrderID, IngredientID, Quantity, Price, UnitOfMeasureID) values (98, 7, 5.1, 4.13, 10);
insert into OrderLineItem (OrderID, IngredientID, Quantity, Price, UnitOfMeasureID) values (3, 12, 1.7, 0.75, 10);
insert into OrderLineItem (OrderID, IngredientID, Quantity, Price, UnitOfMeasureID) values (38, 15, 6.9, 2.66, 10);
insert into OrderLineItem (OrderID, IngredientID, Quantity, Price, UnitOfMeasureID) values (54, 1, 19.5, 1.39, 3);
insert into OrderLineItem (OrderID, IngredientID, Quantity, Price, UnitOfMeasureID) values (71, 8, 6.1, 4.71, 8);
insert into OrderLineItem (OrderID, IngredientID, Quantity, Price, UnitOfMeasureID) values (10, 4, 11.2, 4.86, 6);
insert into OrderLineItem (OrderID, IngredientID, Quantity, Price, UnitOfMeasureID) values (84, 11, 14.1, 2.04, 2);
insert into OrderLineItem (OrderID, IngredientID, Quantity, Price, UnitOfMeasureID) values (19, 7, 15.0, 3.22, 9);
insert into OrderLineItem (OrderID, IngredientID, Quantity, Price, UnitOfMeasureID) values (51, 14, 15.9, 2.36, 2);
insert into OrderLineItem (OrderID, IngredientID, Quantity, Price, UnitOfMeasureID) values (57, 13, 9.6, 0.87, 8);
insert into OrderLineItem (OrderID, IngredientID, Quantity, Price, UnitOfMeasureID) values (93, 12, 8.3, 2.5, 8);
insert into OrderLineItem (OrderID, IngredientID, Quantity, Price, UnitOfMeasureID) values (46, 9, 13.4, 4.84, 2);
insert into OrderLineItem (OrderID, IngredientID, Quantity, Price, UnitOfMeasureID) values (91, 7, 8.6, 3.72, 5);
insert into OrderLineItem (OrderID, IngredientID, Quantity, Price, UnitOfMeasureID) values (181, 6, 0.7, 2.72, 1);
insert into OrderLineItem (OrderID, IngredientID, Quantity, Price, UnitOfMeasureID) values (9, 7, 4.8, 2.52, 1);
insert into OrderLineItem (OrderID, IngredientID, Quantity, Price, UnitOfMeasureID) values (19, 5, 12.9, 0.72, 9);
insert into OrderLineItem (OrderID, IngredientID, Quantity, Price, UnitOfMeasureID) values (116, 14, 12.2, 1.26, 6);
insert into OrderLineItem (OrderID, IngredientID, Quantity, Price, UnitOfMeasureID) values (151, 1, 13.9, 1.55, 6);
insert into OrderLineItem (OrderID, IngredientID, Quantity, Price, UnitOfMeasureID) values (66, 3, 1.6, 3.2, 1);
insert into OrderLineItem (OrderID, IngredientID, Quantity, Price, UnitOfMeasureID) values (25, 14, 4.9, 4.47, 1);
insert into OrderLineItem (OrderID, IngredientID, Quantity, Price, UnitOfMeasureID) values (181, 6, 18.2, 2.4, 3);
insert into OrderLineItem (OrderID, IngredientID, Quantity, Price, UnitOfMeasureID) values (152, 15, 19.4, 2.36, 3);
insert into OrderLineItem (OrderID, IngredientID, Quantity, Price, UnitOfMeasureID) values (59, 13, 17.0, 1.13, 6);
insert into OrderLineItem (OrderID, IngredientID, Quantity, Price, UnitOfMeasureID) values (42, 14, 9.8, 2.47, 3);
insert into OrderLineItem (OrderID, IngredientID, Quantity, Price, UnitOfMeasureID) values (141, 7, 14.8, 2.99, 3);
insert into OrderLineItem (OrderID, IngredientID, Quantity, Price, UnitOfMeasureID) values (43, 11, 18.6, 2.55, 3);
insert into OrderLineItem (OrderID, IngredientID, Quantity, Price, UnitOfMeasureID) values (117, 12, 1.0, 0.88, 7);
insert into OrderLineItem (OrderID, IngredientID, Quantity, Price, UnitOfMeasureID) values (139, 5, 7.4, 1.83, 9);
insert into OrderLineItem (OrderID, IngredientID, Quantity, Price, UnitOfMeasureID) values (38, 12, 8.9, 2.39, 1);
insert into OrderLineItem (OrderID, IngredientID, Quantity, Price, UnitOfMeasureID) values (90, 12, 5.6, 3.25, 5);
insert into OrderLineItem (OrderID, IngredientID, Quantity, Price, UnitOfMeasureID) values (47, 7, 18.4, 3.24, 1);
insert into OrderLineItem (OrderID, IngredientID, Quantity, Price, UnitOfMeasureID) values (21, 9, 1.4, 2.91, 10);
insert into OrderLineItem (OrderID, IngredientID, Quantity, Price, UnitOfMeasureID) values (73, 12, 4.1, 2.73, 4);
insert into OrderLineItem (OrderID, IngredientID, Quantity, Price, UnitOfMeasureID) values (138, 1, 16.1, 0.98, 9);
insert into OrderLineItem (OrderID, IngredientID, Quantity, Price, UnitOfMeasureID) values (113, 10, 11.4, 3.22, 10);
insert into OrderLineItem (OrderID, IngredientID, Quantity, Price, UnitOfMeasureID) values (31, 5, 7.9, 4.89, 6);
insert into OrderLineItem (OrderID, IngredientID, Quantity, Price, UnitOfMeasureID) values (11, 6, 16.7, 2.62, 8);
insert into OrderLineItem (OrderID, IngredientID, Quantity, Price, UnitOfMeasureID) values (184, 14, 13.4, 4.74, 2);
insert into OrderLineItem (OrderID, IngredientID, Quantity, Price, UnitOfMeasureID) values (88, 15, 12.2, 0.67, 3);
insert into OrderLineItem (OrderID, IngredientID, Quantity, Price, UnitOfMeasureID) values (193, 15, 9.4, 2.63, 7);
insert into OrderLineItem (OrderID, IngredientID, Quantity, Price, UnitOfMeasureID) values (182, 11, 17.3, 1.91, 2);
insert into OrderLineItem (OrderID, IngredientID, Quantity, Price, UnitOfMeasureID) values (175, 11, 10.6, 1.09, 6);
insert into OrderLineItem (OrderID, IngredientID, Quantity, Price, UnitOfMeasureID) values (63, 10, 18.7, 3.84, 2);
insert into OrderLineItem (OrderID, IngredientID, Quantity, Price, UnitOfMeasureID) values (160, 4, 11.6, 4.06, 2);
insert into OrderLineItem (OrderID, IngredientID, Quantity, Price, UnitOfMeasureID) values (113, 7, 6.9, 3.26, 5);
insert into OrderLineItem (OrderID, IngredientID, Quantity, Price, UnitOfMeasureID) values (3, 10, 10.8, 3.92, 2);
insert into OrderLineItem (OrderID, IngredientID, Quantity, Price, UnitOfMeasureID) values (130, 7, 8.6, 3.66, 1);
insert into OrderLineItem (OrderID, IngredientID, Quantity, Price, UnitOfMeasureID) values (184, 4, 5.2, 4.26, 1);
insert into OrderLineItem (OrderID, IngredientID, Quantity, Price, UnitOfMeasureID) values (161, 14, 10.1, 2.03, 8);
insert into OrderLineItem (OrderID, IngredientID, Quantity, Price, UnitOfMeasureID) values (103, 8, 12.2, 1.15, 1);
insert into OrderLineItem (OrderID, IngredientID, Quantity, Price, UnitOfMeasureID) values (50, 15, 18.8, 3.81, 4);
insert into OrderLineItem (OrderID, IngredientID, Quantity, Price, UnitOfMeasureID) values (163, 4, 19.0, 4.4, 2);
insert into OrderLineItem (OrderID, IngredientID, Quantity, Price, UnitOfMeasureID) values (96, 8, 18.9, 1.8, 2);
insert into OrderLineItem (OrderID, IngredientID, Quantity, Price, UnitOfMeasureID) values (103, 4, 6.2, 3.57, 5);
insert into OrderLineItem (OrderID, IngredientID, Quantity, Price, UnitOfMeasureID) values (5, 1, 18.3, 3.57, 9);
insert into OrderLineItem (OrderID, IngredientID, Quantity, Price, UnitOfMeasureID) values (17, 13, 1.7, 2.77, 4);
insert into OrderLineItem (OrderID, IngredientID, Quantity, Price, UnitOfMeasureID) values (175, 7, 8.4, 4.83, 8);
insert into OrderLineItem (OrderID, IngredientID, Quantity, Price, UnitOfMeasureID) values (144, 14, 17.0, 0.96, 10);
insert into OrderLineItem (OrderID, IngredientID, Quantity, Price, UnitOfMeasureID) values (124, 1, 9.5, 4.49, 2);
insert into OrderLineItem (OrderID, IngredientID, Quantity, Price, UnitOfMeasureID) values (13, 5, 1.6, 1.41, 8);
insert into OrderLineItem (OrderID, IngredientID, Quantity, Price, UnitOfMeasureID) values (72, 4, 7.9, 4.86, 8);
insert into OrderLineItem (OrderID, IngredientID, Quantity, Price, UnitOfMeasureID) values (140, 15, 3.2, 0.73, 5);
insert into OrderLineItem (OrderID, IngredientID, Quantity, Price, UnitOfMeasureID) values (164, 12, 16.8, 2.44, 2);
insert into OrderLineItem (OrderID, IngredientID, Quantity, Price, UnitOfMeasureID) values (129, 11, 9.2, 4.45, 4);
insert into OrderLineItem (OrderID, IngredientID, Quantity, Price, UnitOfMeasureID) values (26, 6, 3.0, 3.85, 2);
insert into OrderLineItem (OrderID, IngredientID, Quantity, Price, UnitOfMeasureID) values (189, 3, 12.4, 1.66, 7);
insert into OrderLineItem (OrderID, IngredientID, Quantity, Price, UnitOfMeasureID) values (178, 2, 13.1, 4.51, 10);
insert into OrderLineItem (OrderID, IngredientID, Quantity, Price, UnitOfMeasureID) values (174, 15, 5.5, 2.41, 4);
insert into OrderLineItem (OrderID, IngredientID, Quantity, Price, UnitOfMeasureID) values (121, 10, 12.2, 4.72, 9);
insert into OrderLineItem (OrderID, IngredientID, Quantity, Price, UnitOfMeasureID) values (129, 14, 13.6, 2.86, 2);
insert into OrderLineItem (OrderID, IngredientID, Quantity, Price, UnitOfMeasureID) values (1, 3, 15.2, 4.08, 6);
insert into OrderLineItem (OrderID, IngredientID, Quantity, Price, UnitOfMeasureID) values (26, 11, 7.3, 1.28, 2);
insert into OrderLineItem (OrderID, IngredientID, Quantity, Price, UnitOfMeasureID) values (89, 14, 2.0, 2.01, 2);
insert into OrderLineItem (OrderID, IngredientID, Quantity, Price, UnitOfMeasureID) values (90, 11, 10.9, 3.71, 4);
insert into OrderLineItem (OrderID, IngredientID, Quantity, Price, UnitOfMeasureID) values (187, 4, 11.8, 2.18, 7);
insert into OrderLineItem (OrderID, IngredientID, Quantity, Price, UnitOfMeasureID) values (46, 6, 17.1, 3.04, 6);
insert into OrderLineItem (OrderID, IngredientID, Quantity, Price, UnitOfMeasureID) values (173, 5, 17.2, 4.61, 1);
insert into OrderLineItem (OrderID, IngredientID, Quantity, Price, UnitOfMeasureID) values (87, 1, 11.9, 3.6, 10);
insert into OrderLineItem (OrderID, IngredientID, Quantity, Price, UnitOfMeasureID) values (199, 8, 7.9, 3.39, 8);
insert into OrderLineItem (OrderID, IngredientID, Quantity, Price, UnitOfMeasureID) values (103, 2, 10.9, 3.15, 7);
insert into OrderLineItem (OrderID, IngredientID, Quantity, Price, UnitOfMeasureID) values (22, 10, 13.9, 0.98, 6);
insert into OrderLineItem (OrderID, IngredientID, Quantity, Price, UnitOfMeasureID) values (156, 5, 17.8, 2.69, 7);
insert into OrderLineItem (OrderID, IngredientID, Quantity, Price, UnitOfMeasureID) values (136, 8, 16.4, 1.79, 7);
insert into OrderLineItem (OrderID, IngredientID, Quantity, Price, UnitOfMeasureID) values (154, 6, 13.5, 1.1, 9);
insert into OrderLineItem (OrderID, IngredientID, Quantity, Price, UnitOfMeasureID) values (83, 11, 5.0, 3.53, 4);
insert into OrderLineItem (OrderID, IngredientID, Quantity, Price, UnitOfMeasureID) values (81, 6, 9.7, 1.69, 3);
insert into OrderLineItem (OrderID, IngredientID, Quantity, Price, UnitOfMeasureID) values (187, 9, 17.9, 1.09, 10);
insert into OrderLineItem (OrderID, IngredientID, Quantity, Price, UnitOfMeasureID) values (130, 1, 19.4, 2.23, 9);
insert into OrderLineItem (OrderID, IngredientID, Quantity, Price, UnitOfMeasureID) values (142, 4, 2.1, 4.76, 3);
insert into OrderLineItem (OrderID, IngredientID, Quantity, Price, UnitOfMeasureID) values (191, 8, 5.1, 3.4, 5);
insert into OrderLineItem (OrderID, IngredientID, Quantity, Price, UnitOfMeasureID) values (115, 4, 11.9, 2.93, 4);
insert into OrderLineItem (OrderID, IngredientID, Quantity, Price, UnitOfMeasureID) values (75, 8, 17.6, 3.65, 4);
insert into OrderLineItem (OrderID, IngredientID, Quantity, Price, UnitOfMeasureID) values (2, 8, 12.2, 1.58, 10);
insert into OrderLineItem (OrderID, IngredientID, Quantity, Price, UnitOfMeasureID) values (66, 4, 4.0, 2.89, 10);
insert into OrderLineItem (OrderID, IngredientID, Quantity, Price, UnitOfMeasureID) values (87, 5, 3.1, 2.4, 3);
insert into OrderLineItem (OrderID, IngredientID, Quantity, Price, UnitOfMeasureID) values (82, 10, 7.5, 2.67, 8);
insert into OrderLineItem (OrderID, IngredientID, Quantity, Price, UnitOfMeasureID) values (110, 8, 11.6, 1.03, 8);
insert into OrderLineItem (OrderID, IngredientID, Quantity, Price, UnitOfMeasureID) values (168, 5, 12.4, 3.49, 8);
insert into OrderLineItem (OrderID, IngredientID, Quantity, Price, UnitOfMeasureID) values (124, 5, 4.1, 1.39, 4);
insert into OrderLineItem (OrderID, IngredientID, Quantity, Price, UnitOfMeasureID) values (174, 1, 16.6, 3.65, 7);
insert into OrderLineItem (OrderID, IngredientID, Quantity, Price, UnitOfMeasureID) values (13, 15, 9.7, 2.73, 8);
insert into OrderLineItem (OrderID, IngredientID, Quantity, Price, UnitOfMeasureID) values (169, 14, 8.8, 4.74, 6);
insert into OrderLineItem (OrderID, IngredientID, Quantity, Price, UnitOfMeasureID) values (66, 4, 2.2, 3.52, 8);
insert into OrderLineItem (OrderID, IngredientID, Quantity, Price, UnitOfMeasureID) values (183, 5, 13.9, 4.02, 1);
insert into OrderLineItem (OrderID, IngredientID, Quantity, Price, UnitOfMeasureID) values (58, 8, 19.3, 2.84, 5);
insert into OrderLineItem (OrderID, IngredientID, Quantity, Price, UnitOfMeasureID) values (38, 14, 3.9, 3.16, 9);
insert into OrderLineItem (OrderID, IngredientID, Quantity, Price, UnitOfMeasureID) values (68, 1, 13.8, 2.12, 8);
insert into OrderLineItem (OrderID, IngredientID, Quantity, Price, UnitOfMeasureID) values (32, 13, 9.6, 2.4, 4);
insert into OrderLineItem (OrderID, IngredientID, Quantity, Price, UnitOfMeasureID) values (104, 14, 2.8, 0.68, 5);
insert into OrderLineItem (OrderID, IngredientID, Quantity, Price, UnitOfMeasureID) values (39, 3, 2.7, 3.73, 3);
insert into OrderLineItem (OrderID, IngredientID, Quantity, Price, UnitOfMeasureID) values (159, 4, 5.7, 2.03, 9);
insert into OrderLineItem (OrderID, IngredientID, Quantity, Price, UnitOfMeasureID) values (155, 7, 5.6, 4.75, 4);
insert into OrderLineItem (OrderID, IngredientID, Quantity, Price, UnitOfMeasureID) values (166, 12, 5.0, 2.18, 3);
insert into OrderLineItem (OrderID, IngredientID, Quantity, Price, UnitOfMeasureID) values (198, 6, 12.9, 1.36, 8);
insert into OrderLineItem (OrderID, IngredientID, Quantity, Price, UnitOfMeasureID) values (136, 12, 8.7, 3.52, 4);
insert into OrderLineItem (OrderID, IngredientID, Quantity, Price, UnitOfMeasureID) values (129, 6, 1.4, 3.62, 4);
insert into OrderLineItem (OrderID, IngredientID, Quantity, Price, UnitOfMeasureID) values (99, 3, 11.8, 4.02, 5);
insert into OrderLineItem (OrderID, IngredientID, Quantity, Price, UnitOfMeasureID) values (69, 15, 10.2, 3.74, 10);
insert into OrderLineItem (OrderID, IngredientID, Quantity, Price, UnitOfMeasureID) values (120, 3, 10.9, 0.89, 6);
insert into OrderLineItem (OrderID, IngredientID, Quantity, Price, UnitOfMeasureID) values (119, 10, 9.1, 1.53, 1);
insert into OrderLineItem (OrderID, IngredientID, Quantity, Price, UnitOfMeasureID) values (89, 1, 11.8, 4.99, 10);
insert into OrderLineItem (OrderID, IngredientID, Quantity, Price, UnitOfMeasureID) values (32, 2, 12.2, 4.41, 9);
insert into OrderLineItem (OrderID, IngredientID, Quantity, Price, UnitOfMeasureID) values (128, 14, 17.5, 3.94, 7);
insert into OrderLineItem (OrderID, IngredientID, Quantity, Price, UnitOfMeasureID) values (115, 10, 1.2, 2.81, 2);
insert into OrderLineItem (OrderID, IngredientID, Quantity, Price, UnitOfMeasureID) values (55, 15, 15.8, 2.61, 9);
insert into OrderLineItem (OrderID, IngredientID, Quantity, Price, UnitOfMeasureID) values (79, 13, 14.8, 2.28, 7);
insert into OrderLineItem (OrderID, IngredientID, Quantity, Price, UnitOfMeasureID) values (181, 10, 17.2, 2.14, 8);
insert into OrderLineItem (OrderID, IngredientID, Quantity, Price, UnitOfMeasureID) values (94, 11, 3.7, 2.26, 10);
insert into OrderLineItem (OrderID, IngredientID, Quantity, Price, UnitOfMeasureID) values (57, 15, 5.7, 3.03, 7);
insert into OrderLineItem (OrderID, IngredientID, Quantity, Price, UnitOfMeasureID) values (27, 6, 6.0, 1.84, 5);
insert into OrderLineItem (OrderID, IngredientID, Quantity, Price, UnitOfMeasureID) values (138, 6, 1.5, 3.51, 10);
insert into OrderLineItem (OrderID, IngredientID, Quantity, Price, UnitOfMeasureID) values (160, 1, 16.2, 2.98, 7);
insert into OrderLineItem (OrderID, IngredientID, Quantity, Price, UnitOfMeasureID) values (157, 9, 8.0, 3.18, 8);
insert into OrderLineItem (OrderID, IngredientID, Quantity, Price, UnitOfMeasureID) values (169, 6, 16.0, 4.37, 1);
insert into OrderLineItem (OrderID, IngredientID, Quantity, Price, UnitOfMeasureID) values (199, 4, 12.3, 4.06, 2);
insert into OrderLineItem (OrderID, IngredientID, Quantity, Price, UnitOfMeasureID) values (114, 6, 17.4, 2.07, 10);
insert into OrderLineItem (OrderID, IngredientID, Quantity, Price, UnitOfMeasureID) values (135, 13, 16.0, 3.46, 1);
insert into OrderLineItem (OrderID, IngredientID, Quantity, Price, UnitOfMeasureID) values (36, 3, 8.1, 2.01, 2);
insert into OrderLineItem (OrderID, IngredientID, Quantity, Price, UnitOfMeasureID) values (128, 8, 12.2, 1.17, 3);
insert into OrderLineItem (OrderID, IngredientID, Quantity, Price, UnitOfMeasureID) values (172, 11, 14.8, 4.55, 3);
insert into OrderLineItem (OrderID, IngredientID, Quantity, Price, UnitOfMeasureID) values (29, 9, 12.3, 1.18, 8);
insert into OrderLineItem (OrderID, IngredientID, Quantity, Price, UnitOfMeasureID) values (76, 15, 5.9, 4.45, 5);
insert into OrderLineItem (OrderID, IngredientID, Quantity, Price, UnitOfMeasureID) values (138, 9, 13.1, 2.65, 4);
insert into OrderLineItem (OrderID, IngredientID, Quantity, Price, UnitOfMeasureID) values (153, 12, 13.6, 3.99, 7);
insert into OrderLineItem (OrderID, IngredientID, Quantity, Price, UnitOfMeasureID) values (89, 2, 18.1, 4.82, 9);
insert into OrderLineItem (OrderID, IngredientID, Quantity, Price, UnitOfMeasureID) values (154, 7, 13.5, 1.92, 3);
insert into OrderLineItem (OrderID, IngredientID, Quantity, Price, UnitOfMeasureID) values (121, 12, 15.5, 1.64, 3);
insert into OrderLineItem (OrderID, IngredientID, Quantity, Price, UnitOfMeasureID) values (193, 15, 18.5, 4.28, 1);
insert into OrderLineItem (OrderID, IngredientID, Quantity, Price, UnitOfMeasureID) values (12, 3, 18.1, 3.49, 5);
insert into OrderLineItem (OrderID, IngredientID, Quantity, Price, UnitOfMeasureID) values (167, 1, 17.0, 3.41, 7);
insert into OrderLineItem (OrderID, IngredientID, Quantity, Price, UnitOfMeasureID) values (157, 9, 5.2, 4.77, 6);
insert into OrderLineItem (OrderID, IngredientID, Quantity, Price, UnitOfMeasureID) values (168, 9, 2.7, 0.72, 7);
insert into OrderLineItem (OrderID, IngredientID, Quantity, Price, UnitOfMeasureID) values (40, 13, 16.2, 2.26, 9);
insert into OrderLineItem (OrderID, IngredientID, Quantity, Price, UnitOfMeasureID) values (46, 5, 4.6, 4.71, 9);
insert into OrderLineItem (OrderID, IngredientID, Quantity, Price, UnitOfMeasureID) values (19, 14, 11.1, 3.02, 6);
insert into OrderLineItem (OrderID, IngredientID, Quantity, Price, UnitOfMeasureID) values (85, 12, 3.9, 4.94, 7);
insert into OrderLineItem (OrderID, IngredientID, Quantity, Price, UnitOfMeasureID) values (133, 14, 12.4, 3.86, 4);
insert into OrderLineItem (OrderID, IngredientID, Quantity, Price, UnitOfMeasureID) values (69, 3, 0.5, 4.22, 3);
insert into OrderLineItem (OrderID, IngredientID, Quantity, Price, UnitOfMeasureID) values (163, 9, 13.1, 2.88, 8);
insert into OrderLineItem (OrderID, IngredientID, Quantity, Price, UnitOfMeasureID) values (129, 13, 19.5, 1.86, 3);
insert into OrderLineItem (OrderID, IngredientID, Quantity, Price, UnitOfMeasureID) values (69, 12, 16.8, 4.29, 5);
insert into OrderLineItem (OrderID, IngredientID, Quantity, Price, UnitOfMeasureID) values (5, 10, 8.3, 3.83, 4);
insert into OrderLineItem (OrderID, IngredientID, Quantity, Price, UnitOfMeasureID) values (170, 3, 4.6, 3.25, 9);
insert into OrderLineItem (OrderID, IngredientID, Quantity, Price, UnitOfMeasureID) values (71, 4, 2.1, 0.74, 8);
insert into OrderLineItem (OrderID, IngredientID, Quantity, Price, UnitOfMeasureID) values (21, 5, 7.3, 3.19, 5);
insert into OrderLineItem (OrderID, IngredientID, Quantity, Price, UnitOfMeasureID) values (6, 12, 8.7, 2.01, 5);
insert into OrderLineItem (OrderID, IngredientID, Quantity, Price, UnitOfMeasureID) values (145, 2, 19.3, 4.73, 5);
insert into OrderLineItem (OrderID, IngredientID, Quantity, Price, UnitOfMeasureID) values (35, 3, 1.1, 5.0, 7);
insert into OrderLineItem (OrderID, IngredientID, Quantity, Price, UnitOfMeasureID) values (121, 2, 0.8, 4.21, 10);
insert into OrderLineItem (OrderID, IngredientID, Quantity, Price, UnitOfMeasureID) values (10, 12, 17.2, 1.56, 9);
insert into OrderLineItem (OrderID, IngredientID, Quantity, Price, UnitOfMeasureID) values (163, 13, 9.9, 1.15, 6);
insert into OrderLineItem (OrderID, IngredientID, Quantity, Price, UnitOfMeasureID) values (148, 4, 19.2, 2.36, 2);
insert into OrderLineItem (OrderID, IngredientID, Quantity, Price, UnitOfMeasureID) values (157, 1, 3.9, 4.7, 1);
insert into OrderLineItem (OrderID, IngredientID, Quantity, Price, UnitOfMeasureID) values (151, 7, 17.8, 4.28, 6);

-- -----------------------------------------------------
-- Table `WorksIn`
-- -----------------------------------------------------

insert into WorksIn (EmployeeID, ShopID) values (20, 1);
insert into WorksIn (EmployeeID, ShopID) values (27, 3);
insert into WorksIn (EmployeeID, ShopID) values (34, 2);
insert into WorksIn (EmployeeID, ShopID) values (14, 5);
insert into WorksIn (EmployeeID, ShopID) values (21, 1);
insert into WorksIn (EmployeeID, ShopID) values (14, 3);
insert into WorksIn (EmployeeID, ShopID) values (18, 3);
insert into WorksIn (EmployeeID, ShopID) values (34, 4);
insert into WorksIn (EmployeeID, ShopID) values (3, 2);
insert into WorksIn (EmployeeID, ShopID) values (31, 2);
insert into WorksIn (EmployeeID, ShopID) values (11, 3);
insert into WorksIn (EmployeeID, ShopID) values (25, 2);
insert into WorksIn (EmployeeID, ShopID) values (34, 2);
insert into WorksIn (EmployeeID, ShopID) values (34, 4);
insert into WorksIn (EmployeeID, ShopID) values (30, 3);
insert into WorksIn (EmployeeID, ShopID) values (26, 5);
insert into WorksIn (EmployeeID, ShopID) values (25, 5);
insert into WorksIn (EmployeeID, ShopID) values (16, 3);
insert into WorksIn (EmployeeID, ShopID) values (7, 3);
insert into WorksIn (EmployeeID, ShopID) values (14, 3);
insert into WorksIn (EmployeeID, ShopID) values (14, 5);
insert into WorksIn (EmployeeID, ShopID) values (1, 5);
insert into WorksIn (EmployeeID, ShopID) values (16, 3);
insert into WorksIn (EmployeeID, ShopID) values (18, 5);
insert into WorksIn (EmployeeID, ShopID) values (8, 2);
insert into WorksIn (EmployeeID, ShopID) values (3, 1);
insert into WorksIn (EmployeeID, ShopID) values (22, 2);
insert into WorksIn (EmployeeID, ShopID) values (34, 5);
insert into WorksIn (EmployeeID, ShopID) values (13, 2);
insert into WorksIn (EmployeeID, ShopID) values (5, 3);
insert into WorksIn (EmployeeID, ShopID) values (17, 1);
insert into WorksIn (EmployeeID, ShopID) values (16, 2);
insert into WorksIn (EmployeeID, ShopID) values (27, 3);
insert into WorksIn (EmployeeID, ShopID) values (3, 4);
insert into WorksIn (EmployeeID, ShopID) values (35, 3);
insert into WorksIn (EmployeeID, ShopID) values (23, 2);
insert into WorksIn (EmployeeID, ShopID) values (2, 4);
insert into WorksIn (EmployeeID, ShopID) values (31, 1);
insert into WorksIn (EmployeeID, ShopID) values (16, 4);
insert into WorksIn (EmployeeID, ShopID) values (15, 2);
insert into WorksIn (EmployeeID, ShopID) values (23, 2);
insert into WorksIn (EmployeeID, ShopID) values (14, 4);
insert into WorksIn (EmployeeID, ShopID) values (22, 3);
insert into WorksIn (EmployeeID, ShopID) values (34, 3);
insert into WorksIn (EmployeeID, ShopID) values (1, 2);
insert into WorksIn (EmployeeID, ShopID) values (3, 2);
insert into WorksIn (EmployeeID, ShopID) values (24, 3);
insert into WorksIn (EmployeeID, ShopID) values (20, 1);
insert into WorksIn (EmployeeID, ShopID) values (9, 5);
insert into WorksIn (EmployeeID, ShopID) values (31, 5);
